Class_label,CDR3,Epitope
1,CASSVGGGEVEAFF,KLWASPLHV
0,CASSLAVQSDEQYF,KINAWIKVV
1,CASSYNQGYEQYF,ILNAMIAKI
1,CSVEDPDRGYEQYF,KINAWIKVV
1,CASRPEAGNPVVTEFF,LLLEWLAMA
0,CSASQGLNTGELFF,AIFYLITPV
0,CAWSVGAGVGEQYF,LLLDRLNQL
1,CASSYGTGSEAFF,TLMNVLTLV
1,CASSTQGQPQHF,VVMSWAPPV
1,CASSPGTSYEQYF,ALYGSVPVL
0,CASSLGAEQYF,TMADLVYAL
1,CASSEGGGEQYF,LLLDRLNQL
1,CAITRGNTGELFF,AIFYLITPV
0,CASSLPTENTDTQYF,TLMNVITLV
0,CASSLGTGDGYGYTF,FLTVFSHFM
1,CASSYEWGGLPKNIQYF,ILKEPVHGV
0,CSATPNPGGHSTDTQYF,MLGEQLFPL
0,CASSSDLYEQYF,YLLEMLWRL
1,CASSLGDTEQFF,LLGATCMFV
1,CASSSQGGFDGYTF,FLYALALLL
0,CASSQEAREVVYEQYF,RLPGVLPRA
0,CASSSQGGAKNEQYF,KSVNITFEL
0,CASSLSPGYTEAFF,MLDMYSVML
0,CAWSLGNSIELNYGYTF,FLVLLPLVS
1,CASSLGLAAQETQYF,NLIDSYFVV
0,CASRTPFGTGGEAFF,CLNEYHLFL
0,CSARKSASVRETQYF,VLNYFEPYL
0,CASYFFALFTDTQYF,ALSPVIPHI
0,CASSSVGVDTQYF,ELAGIGLTV
1,CASSPGQAFSYTF,ELAGIGLTV
1,CASSEDPASYEQYF,ALWEIQQVV
0,CASGDLSYEQYF,RTLNAWVKV
0,CASSLTGVYVPQHF,CINGVCWTV
1,CASSPDDRESSYNEQFF,MLAKALRKV
1,CASTESSYNEQFF,ILNVDIFTL
1,CSVDNKAGGGYTF,YVLDHLIVV
0,CASGGLGEETQYF,ALSPVIPHI
0,CATSGGTGHQPQHF,LMFWASSSI
1,CASSAGTGDSYEQYF,FIAGLIAIV
1,CASSQETSGSGLDTQYF,AIFYLITPV
0,CASSEGHFSGNTIYF,CINGVCWTV
1,CASSFGSYEQYF,MLAKALRKV
0,CASSQGGGGTDTQYF,FMLYLLTLM
0,CASSLMTGGAYNEQFF,ALSPVIPHI
1,CASSQGTGVTEAFF,KLMNIQQKL
0,CASSFIGGTDTQYF,FLPGVYSVI
1,CASSISGAREQFF,AIFYLITPV
0,CASSLDLDWGQSYNEQFF,ALYGSVPVL
1,CASSVEGSTEAFF,AVGSYVYSV
1,CASQRGRSYEQYF,SLLRSLENV
0,CASSPGGVRVQPQHF,MLYQHLLPL
1,CASSFLSAGGGTDTQYF,YADVFHLYL
0,CASSQSGLADSDTQYF,SLLRSLENV
1,CASSVEGSGGNNEQFF,KLSYGIATV
1,CASSPPKRVGGETQYF,FTVLCLTPV
1,CASSIFGGETQYF,KLSYGIATV
0,CASSYGLERQFF,KLWASPLHV
1,CASSIDSWRTEAFF,RIMTWLDMV
1,CASSVSGSGTGELFF,KMVAVFYNT
1,CASSPGLAGGEQYF,FLAEHEYGL
0,CASSQDVGQLYGYTF,KTWGQYWQV
1,CAWSGLAVSSYNEQFF,YMPYFFTLL
0,CAISFPGQGDTEAFF,YVDNSSLTI
0,CASSMYTNQPQHF,ILTGLNYEA
0,CASKSNTEAFF,LLAMTVPNV
1,CASSRILAGHDNEQFF,YTMADLVYA
0,CASSQWDRTNTGELFF,MLDMYSVML
1,CASSPFQGAIEQYF,SLFWNEPAI
0,CASRRGTDLTDTQYF,IMNDMPIYM
1,CASSLTSGGQGEQFF,KLFIRQEEV
1,CASSKPSVMNTEAFF,LLFGYPVYV
1,CASSEEGAWNTGELFF,KINAWIKVV
0,CSVDGQGNYEQYF,ILNAMIAKI
1,CASSLEVVQETQYF,IILVAVPHV
0,CASSVIGGTYEQYF,KLQFTSLEI
0,CASSGRQGSYEQYF,FTVLCLTPV
1,CASSLEYGSYEQYF,KLDGFMGRI
0,CASSLGTLNEQFF,RLARLALVL
1,CASSFGQGQPQHF,ELAGIGLTV
1,CASSALAGGQADTQYF,LLGATCMFV
0,CASSLRASISTDTQYF,NLNCCSVPV
1,CASSLYVYSYEQYF,NLFNRYPAL
1,CASSRDPSDGSTQYF,YILKYSVFL
0,CASSVDFGRTYNEQFF,RTLNAWVKV
1,CASTKTGLGDQPQHF,GLTSFFIAI
1,CARTSGQGVFMNTEAFF,ILNAMIAKI
0,CASSVTSGPSYEQYF,ILTGLNYEA
0,CASSPDIGAFF,YLYALVYFL
1,CASSGSGGFTEAFF,LLAMTVPNV
0,CASSEQVGGTEAFF,FVCDNIKFA
0,CASSETSLFTHGYTF,FLYNPLTRV
1,CASSGGGAEAFF,ILTGLNYEA
1,CASSPRQGRLGEKLFF,LLHGFSFYL
1,CASSGAGQENNSPLHF,SLLMWITQV
0,CASSLASGATYQETQYF,ALYGSVPVL
1,CASSLASGATYQETQYF,KVLEYVIKV
1,CASTLAHGTTMGYTF,TTIQTIVEV
0,CASSFGSGEQFF,LLFGMPPCL
0,CASSSRDHPETQYF,MLNIPSINV
1,CASSARDSGNSPLHF,IMDQVPFSV
1,CASSPYRGLREQYF,SLLRSLENV
0,CASSLAGAYEQYF,TLMNVITLV
0,CASSQGPPGSGGGNEQFF,SLLMWITQA
1,CASGTLNTGELFF,YLQPRTFLL
1,CSAFSSGTEGVTGELFF,KINAWIKVV
0,CASSESMRGEQYV,ALYGFVPVL
1,CASSLIANQETQYF,YLFDESGEF
1,CASSLSAGTLETQYF,RTLNAWVKV
0,CSVEDGYEQYF,TLMNVLTLV
1,CASRTTSGGASEQFF,YVLDHLIVV
1,CASSQQGAVSAEAFF,FVCDNIKFA
0,CASSTYYEQFF,LMFWASSSI
1,CASSQLAAGTDSYEQYF,FLCMKALLL
1,CASRPGLAGGEQYF,FLAEHEYGL
0,CASSDSWKRTD,AIFYLITPV
1,CASTGTDSYEQYF,ALYGFVPVL
1,CASSSGTSGSRAYEQYF,YLFDESGEF
0,CASSYWAGWTEAFF,ALSPVIPHI
0,CASSLGRQFGTQYF,KLWAQCVQL
0,CASSLATGPYSRGTIYF,FLTVFSHFM
0,CASTEGQGGEQYF,ILNAMIAKI
0,CASNPGSETEAFF,KVLEYVIKV
1,CASSLSFGTEAFF,AAGIGILTV
0,CASSQIGGQGGGNEQFF,KLNEEIAII
1,CASSWGQGDGYTF,ELAGIGLTV
1,CASSLSAAYEQYF,MMILSDDAV
1,CASSWVGGADTQYF,LLAILTYYV
1,CAWSRGSAYNEQFF,KLWAQCVQL
0,CASSNKVADTQYF,LLLDRLNQL
0,CASSIGASEAFF,LLAMTVPNV
1,CASSYLNRDSALDF,SLLMWITQV
0,CASSLRSGRVQETQYF,RLSDFSEQL
0,CASSLGGGVLFF,KQIYKTPPI
0,CSATPSLGPEQPQHF,KSVNITFEL
1,CASSIRSSETQYF,YLLEMLWRL
1,CASSLAYSYEQYF,YLEPGPVTA
1,CASSLEPTANQPQHF,KVLEYVIKV
0,CASSLDFQGPRDF,YVWKSYVHV
1,CSVPEGNTGELFF,ALYGSVPVL
0,CASSTLIGSGNTIYF,ELAGIGLTV
0,CASGGLMRGLDTQYF,FLTYLDVSV
1,CATSDRPYGYTF,FLAHIQWMV
1,CASSLGRYNEQFF,YLEPGPVTA
0,CASQRGRSYEQYF,LMIERFVSL
1,CSARTEGAEAFF,CVNGSCFTV
0,CASSYNSMNTEAFF,KLMNIQQKL
1,CSAYKLAGEEYGTGELFF,YLYALVYFL
1,CASSLGGDEQYF,NLFNRYPAL
0,CASSYGKTGLSGYTF,KMVAVFYTT
1,CASSLDSSLGYGYTF,LLYDANYFL
1,CASGGLMRGLDTQYF,TLMNVITLV
0,CATSRPNRGEAFF,ILKEPVHGV
1,CASRSRGGHSPLHF,GMGPLLATV
1,CASGSSGQGEYGELFF,TLWCSPIKV
0,CASSGLAGGYYNEQFF,KLKDCVMYA
1,CSAFSSGTGGVTGELFF,TLNAWVKVV
0,CASSYLAGGPTDTQYF,LLFGYPVYV
0,CASSLGPSLYEQYF,RMFPNAPYL
0,CSASPRGGEQYF,ELAGIGLTV
0,CASSAQGFGELFF,VLFHRAFLV
1,CASSPLGVVTGELFF,LLHGFSFYL
0,CASSEDPASYEQYF,FVCDNIKFA
1,CASSVGGGSSYEQYF,ILTGLNYEV
1,CAISESSRGVDGYTF,KLDGFMGRI
0,CSARDGTSEGISYNEQFF,KLWAQCVQL
0,CASSLNPSGTVETQYF,ALSKGVHFV
0,CASSLSGGSDEQFF,IMDQVPFSV
0,CASINSPGGEDTGELFF,SLLMWITQA
1,CASEGFLAGQFF,SLYNTVATL
0,CASSLTSGGQGEQFF,VLNYFEPYL
0,CASKWGRDLWQPQHF,VLAWLYAAV
1,CASDPGRYSGNTIYF,WLLWPVTLA
0,CASSEGGGEQYF,KVYPIILRL
1,CASSVAIERAPNYEQYF,ALSKGVHFV
0,CASSENTGSNQPQHF,SWMESEFRV
0,CAWSGGQIMNTEAFF,RLSDFSEQL
0,CASSTPGTGNEKLFF,TLMNVITLV
1,CASSVVSGGDGYTF,RLGPVQNEV
0,CASSFMQGTEAFF,CLGGLLTMV
1,CASSQDFPGTYGYTF,MLDMYSVML
0,CASSFAYGYTF,RLPGVLPRA
0,CSASRDSYEQYF,YLYALVYFL
0,CASSLGLSGAYNEQFF,FLPGVYSVI
0,CASRPGLAGGRPEQYF,YTMADLVYA
0,CASSQETDLRSQPQHF,FMLYLLTLM
1,CASSVDDTGLSYEQYF,NVFAFPFTI
1,CAYQPPGGGNIQYF,KSVNITFEL
0,CASSVGTGYEQYF,FLYNLLTRV
0,CASRDAVNSYEQYF,KMVAVFYTT
0,CASSPTHLDRHSAGELFF,GLCTLVAML
1,CASSWTGANYGYTF,LLGATCMFV
1,CASSAGGNTIYF,FMIGYTSAL
1,CASSLVGYQGTEAFF,VMVELVAEL
0,CASSKQGESNSPLHF,NLFNRYPAL
1,CASSPRGSYWDEQYF,KVYPIILRL
1,CASSFFSNTGELFF,RLARLALVL
1,CAWSPGTASNQPQHF,CLAVHECFV
0,CAISEVGVGQPQHF,YLEPGPVTA
1,CASSQETGTGGPDTQYF,YILKYSVFL
0,CSAPPGPLAHTQYF,FLYALALLL
0,CASRDSVGGGEGYTF,MLDLQPETT
0,CASSPRLAGGKYNEQFF,SLLMWITQA
1,CSVDLGTEETQYF,FMIGYTSAL
0,CASSQGTGGGEQFF,KMVAVFYTT
0,CASSIFTRRGYEQYF,LLHGFSFYL
0,CASTLGATGELFF,WLLWPVTLA
1,CSARVRGDHNEQFF,LLAILPYYV
1,CASSIVDRPYEQYF,VLNYFEPYL
1,CASSIGDYEQYF,RLGPYLEFL
0,CASSYRVGRSSYEQYF,LLWNGPMAV
0,CASSFLSAGGGTDTQYF,VLEETSVML
1,CASSSSDPPGNQPQHF,TLKNTVCTV
0,CASSPGQGYEQYF,FLYALALLL
0,CASSFSLGAAGELF,ILTGLNYEV
1,CASINSPGGEDTGELFF,MQVESDDYI
0,CASSRGGMSGELFF,LLFGMPPCL
0,CASSFGQGGYEQYF,ALWEIQQVV
0,CASSGTGDTGELFF,FLPRVFSAV
0,CASSYSGAEQYF,RMFPNAPYL
0,CASSPTGAGYEQYF,ALWEIQQVV
0,CASSGQGAYITDTQYF,LLYDANYFL
0,CASLGLQETQYF,FMIGYTSAL
1,CSARSEKSGANVLTF,RLVPYLEFL
0,CASSIGGPYEQYF,SLLMWITQV
0,CASSLRDTATNEKLFF,MLDMYSVML
1,CASRGSGTSSVYEQYF,RTLNAWVKV
1,CASKVAGFNEQFF,SMMILSDDA
1,CASSMYTNQPQHF,KLKDCVMYA
1,CASSLAGADNEQFF,ILTGLNYEV
0,CAISEAGPGSANTEAFF,YLFDESGEF
1,CASSLGTGYEQYF,FIAGLIAIV
0,CASSLVGAEAFF,YLLEMLWRL
0,CASSVFGLAGAEQYF,RTLNAWVKV
1,CAISESSREDQETQYF,LLHGFSFYL
1,CASSLWGRYTEAFF,LLLEWLAMA
0,CASSGFSNQPQHF,GMGPLLATV
0,CASSLTGSEQYF,KLWASPLHV
1,CASSLRASISTDTQYF,LMCQPILLL
1,CASSPSGVYNEQFF,FLAHIQWMV
1,CASSRNPSSYNEQFF,LLDDFVEII
0,CASSGSTYNEQFF,ALTPVVVTL
1,CSASDSLTISGFF,SLAPLSPRV
0,CASSHQDRASYEQYF,FMLYLLTLM
1,CASSLGNYEQYF,VLEETSVML
1,CSASRDSYEQYF,KINAWIKVV
0,CASTDKRGSNSPLHF,FIAGLIAIV
0,CATSDWSGNEQFF,MLGEQLFPL
1,CASSFMQGTEAFF,IMDQVPFSV
1,CAWIRTGGYGYTF,NLNCCSVPV
1,CSARGAFHEQYF,VLNPFIYML
0,CASSLSWMNTEAFF,LLWNGPMAV
1,CASSYESTDTQYF,SVLYYQNNV
1,CASSLTSGDADTQYF,IMLCCMTSC
0,CASRPSSWTDTQYF,NVFAFPFTI
0,CASSQDGGTSGGGQI,KLWASPLHV
1,CASSQVGGSYPREQFF,ALSPVIPHI
0,CASTGTDSYEQYF,RTLNAWVKV
1,CASSISPSSYEQYF,KLWASPLHV
0,CASSLSVRGSTEAFF,YLLEMLWRL
0,CASRREGRVNEKLFF,VAANIVLTV
1,CASRREGRVNEKLFF,MLNIPSINV
1,CASTHRGPLKRRPLHF,LMIERFVSL
0,CSAGDGQGIETQYF,ILGFVFTLT
1,CASGTLLIRGKGYERYF,VLFGLGFAI
1,CAWSETGLGTGELFF,AAGIGILTV
1,CASSEFGGGSPDTQYF,IILVAVPHV
1,CSVEKGQGQETQYF,RQLLFVVEV
0,CASWVGQNYNSPLHF,MLDLQPETT
1,CASSLLTSSTDTQYF,YILKYSVFL
0,CASSLGDTEQFF,KLWASPLHV
1,CASSPTGDREQYF,CLAVHECFV
0,CASSLGGSEAFF,FLTVFSHFM
0,CASSPVTGGDNSPLHF,RLGPVQNEV
0,CASSRDGPSSYEQYF,KLDGFMGRI
0,CASSLYQETQYF,WLLWPVTLA
0,CASSDTAGSSYNEQFF,AAGIGILTV
1,CASSLAGAGGYTF,GILGFVFTL
0,CASSSWGTSDEQYF,FLYALALLL
1,CASSVDPGQSYEQYF,ILTGLNYEV
1,CASTSNPNQPQHF,VLAWLYAAV
0,CASSMAAGTHEQYF,KLQFTSLEI
1,CASSYGTGGRYEQYF,NLVPMVATV
1,CSARDPMDRGYEQYF,VFLVLLPLV
0,CASSSGQGFFYEQYF,YLYALVYFL
0,CASSQDIYAFF,LLGATCMFV
0,CASSYWGGREDTQYF,SLLWMNLFV
1,CASSLGDWDLEAFF,SLPITVYYA
1,CASSLDSGSKEKLFF,FLVLLPLVS
0,CASSSGQGYEQYF,ALSKGVHFV
1,CASSLGQYNSPLHF,RLPGVLPRA
0,CSARAGTSGNDPPNEQFF,NLFNRYPAL
1,CSARHLANNEQFF,FVCDNIKFA
1,CASSLGGEQYF,TMADLVYAL
0,CASSYSLAGEFF,SLYNTVATL
0,CASSWGGYTF,KLKDCVMYA
0,CASSFWDWDEAFF,LLGATCMFV
1,CSVQGSSYEQYF,LMIERFVSL
1,CASRMGSTAFF,LLSIIFFPA
1,CASSHPSEQYF,GLCTLVAML
1,CASSLTSGTEAFF,LLYDANYFL
0,CASSYGGSSYEQYF,AIFYLITPV
1,CSGLVPGFDSPLHF,VVLSWAPPV
0,CASSFGTGTMNTEAFF,RQLLFVVEV
0,ASSPMNTEAF,VLEETSVML
1,CASSESPGYGYTF,LLWNGPMAV
0,CASSWGDYNEQFF,VLFHRAFLV
0,CASSPAGPQETQYF,ILGFVFTLT
0,CASSLIDSPYEQYF,LLAILTYYV
0,CSARLKGGGDTQYF,ALTPVVVTL
0,CASSLREGLGEQYF,LLFGYPVYV
1,CASSPVSYNEQFF,NVFAFPFTI
0,CASSAQGGNYGYTF,VMVELVAEL
1,CASSLETGYGEQYF,IILVAVPHV
0,CASSDTGGRDEQFF,FLAHIQWMV
1,CASSLAGTSTEQFF,CINGVCWTV
0,CSARDLGGIANYGYTF,ALSKGVHFV
0,CASSPTGDREQYF,LLFGYPVYV
1,CASSLGRGSGANVLTF,SLYNTVATL
1,CATSDSGLATATDTQYF,ELTSMKYFV
1,CASRRGLAGSGGANVLTF,MLAKALRKV
0,CASSLSTHESYNEQFF,LLFGMTPCL
1,CASSPPGGSGNTIYF,MLNIPSINV
1,CASSPPNRLDEQFF,IMNDMPIYM
1,CASSTYYEQFF,FMLYLLTLM
0,CASSLAGTSTEQFF,FIAGLIAIV
0,CSASLWTGDTGELFF,KMVAVFYNT
0,CASSGTGVSPLHF,YLYALVYFL
1,CASSIPTSSYEQYF,LLLDRLNQL
0,CASSIALGGYTF,KQIYKTPPI
1,CASSYPSGTEAFF,KLQFTSLEI
0,CASSYRGQSYEQYF,SLLMPILTL
1,CASSPGGLAGADTQYF,FLYALALLL
0,CASSLERLRVYSGYTF,VFLVLLPLV
0,CASSLGGTSTAETQYF,ELTSMKYFV
1,CASSHRDGTYEQYF,FLYALALLL
0,CASSRLSTDTQYF,VAANIVLTV
1,CASSEDQGLTATYEQYF,CVNGSCFTV
0,CATSGDRGWQYF,KVYPIILRL
1,CASSLTETYEQYF,VLAWLYAAV
1,CASSFGTGRHEQYF,TTIQTIVEV
0,CSAPTGTSYNEQFF,SLYNTVATL
1,CASSQGWGVETQYF,RLVPYLEFL
0,CSVEDRVNYGYTF,TTIQTIVEV
1,CASSLGGSTEAFF,LLYDANYFL
0,SVEGQIAGKYGYT,SLLWMNLFV
1,CASSQTGTGAAEAFF,YLFDESGEF
0,CASSLTETYEQYF,FTVLCLTPV
0,CATSPPEALWEQYF,YLFDESGEF
1,CASSLGTGHGYTF,LLLEWLAMA
1,CASSEKPDTQYF,LLAGTLAVV
0,CASSVEGSSYNEQFF,LLAILTYYV
0,CASSLMGLGDTQYF,ALWEIQQVV
1,CTISEWGGETQYF,ILKEPVHGV
0,CASSPNRVGDQPQHF,VAANIVLTV
1,CASSLGAYEQYF,GLCTLVAML
1,CSARDPASWGEKLFF,IILVAVPHV
1,CSVPSYNEQFF,LIIPFIHLI
1,CASSVAGSYGDTQYF,RLPGVLPRA
0,CASSVDRVADTQYF,VLNPFIYML
0,CAISDRFMREEMTYGYPF,RLSDFSEQL
0,CASSPEGLDNFF,ALYGFVPVL
0,CASSQEGAKGDTQYF,YLLEMLWRL
0,CASSLRQSTDTQYF,FLNRFTTTL
0,CASSQEDPAGDSYNEQFF,VVLSWAPPV
0,CASSLAGADNEQFF,KSVNITFEL
0,CASSPQRGPYEQYF,ILTGLNYEV
0,CASSQGMGQGSGNTEAFF,MMPFSIVYI
0,CASSVGTGYEQYF,KLQFTSLEI
0,CASSLGSSYEQYF,LLLEWLAMA
1,CASSYLAGGPTDTQYF,MMILSDDAV
0,CASSSGTGVDYEQYF,SLYNTVATL
0,CATSPQGGVTEAFF,ALSPVIPLI
1,CASSVFGLAGAEQYF,IILVAVPHV
0,CASSSLTAQGKLFF,YVLDHLIVV
1,CASSLIDSPYEQYF,VLNYFKPYL
0,CASTLAGGTGELFF,YLFDESGEF
0,CASSFRRDTDTQYF,ILGFVFTLT
1,CASDSGSGQPQHF,LLFGMPPCL
0,CASSPERGEETQYF,KVYPIILRL
1,CASSYSLEGYTF,ALSPVIPHI
0,CATSKTADRSPYEQYF,KLQFTSLEI
0,CASSEVGNEQFF,SLFNTVATL
1,CASSVTSGPSYEQYF,NLIDSYFVV
0,CASSLAGQGALSRQYF,SWMESEFRV
1,CASSLTGSEQYF,LLFGMPPCL
0,CASSLYGSSYEQYF,LLNKHIDAY
0,CAWSETGLGTGELFF,VLFGLGFAI
0,CSARDPMDRGYEQYF,YVVDDPCPI
1,CASSPQRGPYEQYF,FVCDNIKFA
1,CASSLGNIEAFF,LLYDANYFL
0,CASTGGQMNTEAFF,LLAILPYYV
0,CSDPVPGRFLVEQYF,LLHGFSFYL
0,CASSIGPVNTEAFF,LMFWASSSI
0,CASSLEPTANQPQHF,ALWEIQQVV
1,CASSFGPLGMWAEAFF,IILVAVPHV
0,CASSWGLAEFYNEQFF,LLSIIFFPA
0,CSVEDPDRDGYTF,VMVELVAEL
1,CASSQDIYAFF,YLQPRTFLL
0,CASSVGGVSPLHF,KMVAVFYTT
1,CASSELENSNQPQHF,VMVELVAEL
1,CASSLAAGGSWNEQFF,FIAGLIAIV
0,CSVEPISSYNEQFF,CLAVHECFV
1,CSARDPLAGIDTGELFF,WLLWPVTLA
0,CASSDVSGNTIYF,YVLDHLIVV
1,CASSLGGDTQYF,ILKEPVHGV
1,CASSLGGRRYEQYF,ALTPVVVTL
1,CASSRWTNEQFF,LLHGFSFYL
0,CASGDSGALEFF,MLGEQLFPL
0,CSARGAFHEQYF,YLGGMSYYC
0,CASSELAKGQGEQFF,KLDGFMGRI
1,CASGGTGEYEQYF,FMIGYTSAL
0,CASSVWAGGYNEQFF,WLLWPVTLA
1,CASSSGTVPYEQYF,LLLDRLNQL
0,CASSLYSPAHTEAFF,ALSPVIPLI
0,CASTHRGPLKRRPLHF,KINAWIKVV
1,CASSLVRGWGYGYTF,LACFVLAAV
1,CASSLVIPNTEAFF,WLLWPVTLA
0,CASSQGWGTQPQHF,YLEPGPVTV
1,CASNPGSETEAFF,YLFDESGEF
0,CSARPGLAGGYEQYF,LLAGTLAVV
1,CASTPTGGDEKLFF,YVWKSYVHV
0,CASSLSAGTLETQYF,ILKEPVHGV
1,CSVGDSNQPQHF,YTMADLVYA
0,CASGLLAPFFTDTQYF,CINGVCWTV
1,CASSVWAEDQPQHF,FLCMKALLL
0,CASRGPYHNEQFF,RLVPYLEFL
0,CASSPRGQGGTGELFF,YLYALVYFL
1,CASSLVGGGREYTGELFF,CLGGLLTMV
0,CAWSRGSAYNEQFF,SVLYYQNNV
0,CASSAQGFGELF,KLKDCVMYA
0,CASRGLGRADTQYF,YLEPGPVTA
1,CASREQGMNTEAFF,MIISHLYLI
1,CASSHQDRASYEQYF,RLSDFSEQL
1,CASSLVPQGEEPY,TLNAWVKVV
0,CASEQPRTGGDAYNEQFF,RLGPVQNEV
0,CASSPFLTGSNTEAFF,LIIPFIHLI
1,CASSQGPGTGFEGYTF,LLSIIFFPA
0,CAISEWGQGTNTEAFF,YLEPGPVTA
1,CASSLLGGLPSSTDTQYF,YVDNSSLTI
1,CASSLSPGYTEAFF,YVLTWIVGA
0,CASSLGQKEQYF,MLNIPSINV
0,CASSQDYNEQFF,FLAHIQWMV
0,CASSVGNTEAFF,NVFAFPFTI
0,CATSRWTGNEQFF,RLQSLQTYV
1,CASSFGGLYGYTF,KMVAVFYNT
0,CASSTGSGELFF,NVFAFPFTI
1,CASSLDGGETQYF,ILKEPVHGV
0,CASSLWGAGVEETQYF,YLGGMSYYC
0,CASSRDGFEKLFF,LLFGMTPCL
0,CASSIGSYGSTF,AMFWSVPTV
0,ASSFIGGTDTQYFG,KLFIRQEEV
0,CASSESNYGYTF,MLYQHLLPL
0,CASSLWAEPDTQYF,FLIYLDVSV
0,CASSPPSGNSYEQYF,CLGGLLTMV
1,CATQTLNTGELFF,YLQPRTFLL
1,CASRGLNEEKLFF,FTVLCLTPV
0,CASSWGQGDGYTF,WLLWPVTLA
1,CASSLSSTGGGQFF,KLWAQCVQL
0,CASSPEVTSGGHEQYF,NLFNRYPAL
1,CASSIGATEAFF,KLKDCVMYA
1,CSAPGTGYNEQFF,YLYALVYFL
1,CASSHRGADFYNEQFF,YILKYSVFL
1,CSARDRSGIDTQYF,FMIGYTSAL
0,CASSLLGSYNEQFF,YLQPRTFLL
1,CASSQVRGRGEQYF,VFLVLLPLV
0,CASSFLTDTQYF,RIMTWLDMV
0,CASSWTGANYGYTF,SLFNTVATL
0,CSARDRQGQNTGELFF,SLLMWITQV
0,CASSPQGVSSGNTIYF,ALYGFVPVL
1,CASKWGRDLWQPQHF,VLEETSVML
0,CASSVVGGPGEQYF,VMVELVAEL
1,CASSDSWKRTD,RQLLFVVEV
1,CASSLIQGAVDTQYF,LLFGMPPCL
0,CSVEEVSGANVLTF,ILNVDIFTL
1,CASSPGTTTNEKLFF,VLNYFEPYL
0,CASSQGTSFFEQFF,VFLVLLPLV
0,CASSLGGDEQYF,NLNCCSVPV
1,CAWSYDSALYYEQYF,TLKNTVCTV
0,CSVGGSGGADTQYF,VAANIVLTV
1,CASSSRLSQETQYF,VVMSWAPPV
1,CSVTRETNEKLFF,LLDDFVEII
0,CASRGLNEEKLFF,VAANIVLTV
1,CASSYPNQPQHF,LLWNGPMAV
1,CASSGQGAYITDTQYF,ALSPVIPLI
1,CASSPMAGPTDTQYF,YLGGMSYYC
1,CASSLSGVAYGYTF,ILTGLNYEA
0,CASSYSLEGYTF,FLCMKALLL
1,CASSQDDSWGYGYTF,KLDGFMGRI
0,CASSQGWGVETQYF,YLQPRTFLL
1,CASSQVLLQGHSYEQYF,CINGVCWTV
1,CASSSRVEYTEAFF,LLNKHIDAY
1,CASSQEDRDNSPLHF,LMIERFVSL
1,CASSVGNTEAFF,YVLTWIVGA
0,CASSIDVGKNTEAFF,TLWCSPIKV
1,CAWSVGAGVGEQYF,KLMNIQQKL
0,CASSLSPREQYF,FLYALALLL
0,CASSPGTGWAEAFF,MLNIPSINV
1,CSARERGHYNEQFF,YLFDESGEF
1,CSAAGQGDTQYF,KSVNITFEL
0,CASSLAAQGQRVTGELFF,GLCTLVAML
0,CASTSYAGGELFF,RTLNAWVKV
1,CASSFFGSNQPQHF,TLWCSPIKV
1,CASSVTVRGDEQFF,FLALCADSI
0,CASSASLAGVNEQFF,MLDLQPETT
0,CASSPTDFYGYTF,TLWCSPIKV
1,CSTLLAGGGDEQYF,CLNEYHLFL
1,CSADVGGQNEQYF,KLMNIQQQL
1,CASSGLAGGYYNEQFF,RQLLFVVEV
0,CASSWGNTGELFF,RMFPNAPYL
0,CASAPGGSYEQYF,YILKYSVFL
1,CASSFWDWDEAFF,SVLYYQNNV
0,CASSDTGELFF,CINGVCWTV
1,ASRYRAAPNQPQH,FLYNLLTRV
0,CSVEDLGNEQFF,MIISHLYLI
1,CASAGPGNTIYF,ALWEIQQVV
0,CASGSSGQGEYGELFF,YILKYSVFL
1,CASRPRQVETQYF,MIISHLYLI
0,CASSQEGRQGSYNEQFF,YLLEMLWRL
0,CASSQGTGVTEAFF,SLLMWITQA
0,CASSWSFGTEAFF,YADVFHLYL
0,CASTEQGGFHGYTF,YLQPRTFLL
0,CASSLTGQGRNEQFF,KSVNITFEL
1,CASSLREGLGEQYF,YVWKSYVHV
1,CASGGAIDTDTQYF,TLWCSPIKV
1,CASRMNTEAF,ALTPVVVTL
1,CASSQVQGLYEQYF,CINGVCWTV
1,CASSSWGTSDEQYF,MLGEQLFPL
0,CASSLGQGAVYEQYV,KLMNIQQKL
0,CASSLRRGISASYEQYF,CLAVHECFV
1,CASSLGRINEQFF,GILGFVFTL
0,CASSSQGGFDGYTF,ALTPVVVTL
1,CASSEFTRSYEQYF,MIISHLYLI
0,CASSIGQGPYEQYF,FLAHIQWMV
0,CASRLRGQGFYEQYF,SLLRSLENV
0,CASSLDPDRVSYEQYF,TLNAWVKVV
1,CAWGTLATEQYF,RMFPNAPYL
0,CASSRRGTEAFF,GLCTLVAML
0,CSSPGREGPQYF,IMNDMPIYM
1,CASKSNTEAFF,GLTSFFIAI
0,CASFQLDTGELFF,SLLRSLENV
1,CATSDSYHNRANTGELFF,FLPGVYSVI
1,CASSIIGQRVEAFF,LLHGFSFYL
0,CASNSGGAYNEQFF,KLWASPLHV
0,CASSQDSWAGGSNEQFF,IILVAVPHV
1,CAIRDRLNTEAFF,RLGPYLEFL
0,CASSPGTSGGYNEQFF,YLQPRTFLL
0,CASSLLAGVSYNEQFF,YVLTWIVGA
1,CASSPDSQSSGNTIYTF,VLEETSVML
0,CASSPVSYNEQFF,FLNGSCGSV
0,CASSVDDTGLSYEQYF,RQLLFVVEV
1,CASREGLEDTEAFF,LIIPFIHLI
1,CASSLYGGESQETQYF,VVLSWAPPV
1,CASSYSSDRSSYEQYF,ALSPVIPLI
0,CASSLLAGELFF,CLNEYHLFL
0,CSARVRGDHNEQFF,MMILSDDAV
1,CASSIAAVFGDTQYF,FLAHIQWMV
1,CASSQEQGLSEKLFF,YLEPGPVTV
0,CASRGGDGETQYF,RLQSLQTYV
0,CASSPTSGGNNEQFF,ALWEIQQVV
0,CAWSAYTGELFF,ILTGLNYEA
1,CASSSWTGWYEQYF,VLNYFEPYL
0,CASSLVTSGGYQETQYF,LLAILTYYV
0,CASSFGGVEGMNTEAFF,MLGEQLFPL
1,CASSLANSYNEQFF,SLLMWITQV
1,CASSLIQVGYEQYF,TLWCSPIKV
0,CASSSGQGATNEKLFF,RIMTWLDMV
1,CASSERGHYGYTF,LMFWASSSI
1,CASSIDVGKNTEAFF,CINGVCWTV
0,CASSAGVAYEQYV,KLFIRQEEV
1,CASSLGGDYQPQHF,KLFIRQEEV
0,CASSVAASPSGNTIYF,KLDGFMGRI
1,CASSSLSEAFF,FLALCADSI
1,CASSERVGETQYF,CLGGLLTMV
0,CASKVAGFNEQFF,RLPGVLPRA
0,CASSQDRWNYEQYF,ILTGLNYEA
0,CATSGLATYEQYF,YVVDDPCPI
1,CASSWLNTEAFF,FMLYLLTLM
1,CASSLTGQGRNEQFF,NLVPMVATV
0,CASRRGLAGSGGANVLTF,GMGPLLATV
0,CASSGSGGFTEAFF,YADVFHLYL
0,CSDGTGDGYTF,RIMTWLDMV
1,CASSLGSSYEQYF,YLEPGPVTA
1,CASNPGLAGGPHEQYF,LLFGYPVYV
0,CASSHRDGTYEQYF,FMIGYTSAL
1,CSASFHNGFWGGTEAFF,LLAILTYYV
0,CASSPRQGRLGEKLFF,LLFGMPPCL
1,CASSGRFLREGMTYGYTF,VLFGLGFAI
0,CASRGSGTSSVYEQYF,IMDQVPFSV
1,CASSSQTGPYSNQPQHF,MMPFSIVYI
0,CSARTLAGFTDTQYF,RLVPYLEFL
0,CASSQLMSRDEQFF,MQVESDDYI
1,CASSLSMGGAGELFF,RTLNAWVKV
0,CASSPRGVHEQYF,KMVAVFYNT
1,CASSLGTGDGYGYTF,IMDQVPFSV
1,CSVAGGTEAFF,FMLYLLTLM
0,CASSYSGGYYGYTF,KVYPIILRL
1,CASSVGTAGEQYF,YVWKSYVHV
1,CASSASLAGVNEQFF,ALSKGVHFV
1,CATTPAGKTADQETQYF,AIFYLITPV
0,CASSSIEEGAGNTIYF,LLHGFSFYL
1,CASSFGGVEGMNTEAFF,YLYALVYFL
1,CASSGTSGETQYF,YLYALVYFL
1,CASSQGQGWKDYTEAFF,LPDDFMGCV
0,CASSQDQNTEAFF,SLYNTVATL
1,CASSLAGGVDTQYF,KTWGQYWQV
0,CASSQLAGGLRSTDTQYF,YTMADLVYA
1,CASSPERGEETQYF,VMVELVAEL
0,CASSFGGLYGYTF,LLNKHIDAY
1,CASSYSGHNEQFF,ALSPVIPHI
1,CASSQDRDYEQYF,FIAGLIAIV
1,CAISPLTSWGTDTQYF,IMNDMPIYM
1,CASSVASGKLYGYTF,RLGPVQNEV
1,CASSPGTISYEQYF,VLNPFIYML
0,CASSVGSTEAFF,NLFNRYPAL
0,CASSGGGAGNEQFF,LLFGMPPCL
0,CASSQDRGNEQFF,LLYDANYFL
1,CASSQLAGGLRSTDTQYF,YLYALVYFL
0,CASSGQGGDEQYF,VVLSWAPPV
1,CASGDLSYEQYF,KLMNIQQQL
1,CASSLATGPYSRGTIYF,MMPFSIVYI
1,CASSGTGGYSGANVLTF,LLGATCMFV
0,CASNLGGDNEQFF,GILGFVFTL
1,CASSLGPPADTQYF,VLAWLYAAV
1,CASSDTGYDSPLHF,VMVELVAEL
1,CASSQDPAERSGNTIYF,NVFAFPFTI
0,CASSSWTGWYEQYF,CLNEYHLFL
0,CASSPYRGLREQYF,AMFWSVPTV
0,CASSLVSGGWTEAFF,TLNAWVKVV
1,CASSIRSAYEQYF,YVLDHLIVV
0,CSATCNGTFLYQETQYF,LLFGMTPCL
0,CASSLRGGQSYEQYF,LLSIIFFPA
1,CASSPTSGGYEQYF,KLNTITPVV
1,CASRGSGNEQFF,IMNDMPIYM
1,CASALGSGGAYEQFF,LLAMTVPNV
0,CASSLANSYNEQFF,TLNAWVKVV
1,CSGRDSYTEAFF,TLNAWVKVV
0,CASSAGGNTIYF,YADVFHLYL
0,CASSFQETQYF,LLLDRLNQL
0,CASSSYTGELFF,LMIERFVSL
0,CASSGQGHPYNEQFF,YMPYFFTLL
0,CASSTYRNTGELFF,CLNEYHLFL
1,CASSPTGNWNTDTQYF,SLFNTVATL
1,CSVLGQGNFNEKLFF,KLFIRQEEV
1,CASSPSWLSGVTQYF,VAANIVLTV
1,CASSLGFGYEQFF,MLNIPSINV
1,CATSGLATYEQYF,SLLMPILTL
0,CAIRDRLNTEAFF,FLVLLPLVS
0,CASSVGGGEVEAFF,VFLVLLPLV
0,CASSSRVEYTEAFF,VMVELVAEL
0,CASSHTSGGLKDTQYF,KLWAQCVQL
0,CASSHYSGTGPYEQYF,VLSTFISAA
0,CASSPWTGANLDTQYF,YVLTWIVGA
1,CASSIGPVNTEAFF,CLNEYHLFL
0,CASSFDYSYEQYF,YLQPRTFLL
0,CASSLGAGEQYF,ALSPVIPHI
0,CASSGAGQENNSPLHF,TALALLLLD
1,CASSGSGGATDTQYF,KLNEEIAII
0,CASSQDDSWGYGYTF,FLTVFSHFM
0,CASSYDSTTGELFF,KLWAQCVQL
1,CASSPYGQGGRDTEAFF,ILNAMIAKI
1,CARSFDSEAFF,SLYNTVATL
1,CASSLGGGDNEQFF,ILGFVFTLT
1,CASSASGREETQYF,SLLRSLENV
1,CSAPTGTSYNEQFF,KLWAQCVQL
0,CASSQGQGWKDYTEAFF,FVCDNIKFA
1,CSARAGTSGNDPPNEQFF,TLMNVLTLV
1,CATTRGPKLNEKLFF,IMDQVPFSV
1,CASSELDEKYGYTF,RLGPVQNEV
1,CASSYSNGYEQYF,ILNAMIAKI
1,CASSQDRGNEQFF,FLIYLDVSV
0,CASSLGGGTGELFF,LPDDFMGCV
0,CAYQPPGGGNIQYF,LLNKHIDAY
1,CASSLRRTATYEQYF,SLLRSLENV
1,CASRAANEQFF,FIAGLIAIV
1,CASSYEGAGYGYTF,KQIYKTPPI
1,CASSYRVGRSSYEQYF,FLPGVYSVI
1,CASSVDFGRTYNEQFF,LLAMTVPNV
1,CSVEGLRGGNEQFF,KLMNIQQQL
0,CASSRTGITDTQYF,AAGIGILTV
0,CASSLWTMWEETQYF,FMLYLLTLM
1,CSALGGQASTDTQYF,FLCMKALLL
1,CASSAGVAYEQYV,YLEPGPVTV
1,CASSLSPTDTQYF,KMVAVFYTT
1,CASSLTGATDTQYF,LLAILPYYV
0,CSVMLANQETQYF,CLAVHECFV
1,CASSLSGEYEQYF,KLQFTSLEI
0,CASSFGQGQPQHF,LLYDANYFL
0,CASSLWGGYTEAFF,KQIYKTPPI
0,CASSLAPDNSNQPQHF,RLARLALVL
1,CASSIRVSGANVLTF,SLLWMNLFV
1,CASSLSVRGSTEAFF,MLDLQPETT
1,CATSRDLWDGNQPQHF,FLPRVFSAV
1,CSARERGPAEQFF,FTVLCLTPV
1,CSVETESYEQYF,SVLYYQNNV
0,CASSVGTSSYGYTF,GLCTLVAML
1,CASSEVGQGFNGYTF,VAANIVLTV
0,CALPGVAGITYEQYF,ILNAMIAKI
0,CASSNLGGTDTQYF,ILTGLNYEA
1,CASAPGLNYEQYF,ILNAMIAKI
1,CASSQGPLANLYNEQFF,RLGPVQNEV
0,CASSLTGSAEAFF,LLWNGPMAV
0,CASSGGGGRGYNEQFF,YLEPGPVTV
0,CASSLAGAGGYTF,KLMNIQQKL
1,CASSSGVERPYEQYF,ALSKGVHFV
0,CSAAGQGDTQYF,LLAILPYYV
0,CASSMSANTEAFF,YMPYFFTLL
0,CASSTGLAGGEQYF,FLAHIQWMV
0,CATSDRPYGYTF,YMPYFFTLL
0,CASSIGTVNTEAFF,FLCMKALLL
0,CASSSLIPLDYGYTF,YLQPRTFLL
1,CASSLGRQFGTQYF,YLGGMSYYC
1,CASRPSGGAETQYF,RTLNAWVKV
0,CASSLGRGSGANVLTF,MMILSDDAV
0,CASSVGTSSYEQYF,SLLMWITQV
0,CASSGSGASTDTQYF,RLQSLQTYV
0,CASTVQGRETQYF,IMLCCMTSC
1,CASSGGGAGNEQFF,LIIPFIHLI
1,CASSPRDRTGGYTF,MLDLQPETT
1,CSASRGTYEQYF,MQVESDDYI
1,CASSPRSREDEQFF,CLAVHECFV
1,CASSLTPGQGAGNTQYF,KSVNITFEL
1,CASSLGVRAQKTQYF,RLPGVLPRA
1,CSADREGSSNQPQHF,FLPRVFSAV
1,CASSLEFGADTQYF,LMFWASSSI
0,CASSYGTGESPLHF,LMFWASSSI
0,CASSRGQINQPQHF,ELTSMKYFV
1,CASRRDRDDNSPLHF,VLSTFISAA
0,CASSQQGAVSAEAFF,NLIDSYFVV
0,CASSPHPDGGSQPQHF,LLNKHIDAY
0,CASSLIGGAQNIQYF,KVYPIILRL
0,CASSLLGQSTNEKLFF,ILTGLNYEA
0,CASSMGPTGYGYTF,LLAILTYYV
1,CASRKAPGQGGEQPQHF,IMLCCMTSC
0,CASSPDSQSSGNTIYTF,LLYDANYFL
1,CASSRDGPSSYEQYF,ILNAMIAKI
0,CSADREGSSNQPQHF,VAANIVLTV
0,CASSITFSDTQYF,FLCMKALLL
1,CASNLGGDNEQFF,FMLYLLTLM
0,SLTGHYNSPL,RLPGVLPRA
0,CATSRDFLEQAEAFF,LLSIIFFPA
1,CASSSGQGFFYEQYF,HLMSFPQSA
1,CASSPWTGIPYNSPLHF,VAANIVLTV
0,CASSPILTYEQYF,ALWEIQQVV
1,CASRPRGSQETQYF,YVVDDPCPI
1,CASRDAVNSYEQYF,VLNPFIYML
1,CASSPYGNTIYF,SLLWMNLFV
1,CASSQGWGTQPQHF,RQLLFVVEV
1,CASSSPVQTSGLHEQFF,LLLGIGILV
1,CASSQYAVRVGDTEAFF,FLIYLDVSV
0,CASSWDRVLYEQYF,FLTVFSHFM
0,CASSFGTRGRDTEAFF,YVLDHLIVV
0,CASSLGAYEQYF,RQLLFVVEV
1,CASSQAWVPTTNEKLFF,LLLEWLAMA
1,CASSLYTDTQYF,RMFPNAPYL
1,CASSVYGGVSYNEQFF,GILGFVFTL
1,CASSPLYVALREQYF,CVNGSCFTV
1,CSDPVPGRFLVEQYF,VFLVLLPLV
1,CASSETSGLIDEKLFF,SLAPLSPRV
1,CASSPTSGSYGRIQYF,LLLEWLAMA
0,CAWSPGTASNQPQHF,FLYNLLTRV
1,CAAIGGPNTDTQYF,MQVESDDYI
1,CASSNKVADTQYF,MLDLQPETT
1,CSVDGQGNYEQYF,HLMSFPQSA
0,CASSLAGDSYNEQFF,LLAMTVPNV
1,SLTGHYNSLP,SLLMWITQA
1,CASSSDINYGYTF,FLYNPLTRV
0,CASSLSGATYNEQFF,KTWGQYWQV
1,CASSPHSGGDPRNEQFF,YVLTWIVGA
0,CASSGPGGRTEAFF,ILKEPVHGV
0,CASTSTGGLASQYF,FIAGLIAIV
1,CASSRLSGTGDSPLHF,KMVAVFYTT
1,CASSPTGLNGYTF,SMMILSDDA
0,CASSSAQGAQTYEQYF,AMFWSVPTV
0,CAITRGNTGELFF,FLPRVFSAV
1,CASSVGTSSYGYTF,FLYNPLTRV
1,CASSQAPGHWETQYF,CINGVCWTV
1,CASSLGGDEQYF,ILKEPVHGV
1,CAGSVTGALGTEAFF,GILGFVFTL
1,CASSSGQGATNEKLFF,KVLEYVIKV
1,CASSELWGAGDNEQFF,AMFWSVPTV
1,CSVWGREGLNEQFF,YTMADLVYA
0,CASSQEASYEQYF,FLYNPLTRV
1,SLTGGLNSPL,SLLMWITQA
1,CASSQEGAKGDTQYF,VLSTFISAA
0,CASSPRGGGIYEQYF,IMLCCMTSC
1,ASSPMNTEAF,FLYNLLTRV
0,CASSSSDPPGNQPQHF,FLALCADSI
0,CASSLFGGSGNTIYF,TLKNTVCTV
0,CASSQAWVPTTNEKLFF,FLAHIQWMV
1,CASSETSLFTHGYTF,MMPFSIVYI
0,CASTETSGAYNEQFF,MLDLQPETT
1,CASSPQGVSSGNTIYF,NLVPMVATV
1,CAWSVERVGQAYGYTF,ILGFVFTLT
1,CASSYSGGYYGYTF,FLYALALLL
1,CASSLAAQGQRVTGELFF,KMVAVFYTT
1,CAISAPGQEGNTEAFF,YTMADLVYA
0,CASSPTGLNGYTF,YLLEMLWRL
0,CASSIFGGETQYF,MMPFSIVYI
1,CSARVGDTGELFF,ALSPVIPHI
1,CASSFAYGYTF,MLNIPSINV
1,CASSDRDSVNYGYTF,LLLDRLNQL
1,CASSFVNTGELFF,LLGATCMFV
0,CSVQGSSYEQYF,FLYALALLL
1,CASSQGGGGTDTQYF,SLFNTVATL
1,CASSQDDRGFYEQYF,VLNYFEPYL
1,CASSSNRGPEQFF,IMNDMPIYM
1,CSAPQRRETQYF,LLWNGPMAV
1,CSAFSSGTGGVTGELFF,KINAWIKVV
1,CASAPGPVYEQYF,KLWASPLHV
1,CASTLAGGTGELFF,RIMTWLDMV
0,CSARDLGLHQPQHF,AIFYLITPV
1,CASSLWGAGVEETQYF,FTVLCLTPV
1,CASSLYQETQYF,KVLEYVIKV
1,CASSLRGTGAYGYTF,FLNGSCGSV
1,CASSVASGQLYGYTF,RLGPVQNEV
1,CASSLLGSYNEQFF,VFLVLLPLV
0,CASSEVSVLYEQYF,RQLLFVVEV
0,CASSPLGLAEQETQYF,ILNVDIFTL
0,CASSQGDYRSSTYEQYF,ALTPVVVTL
0,CSARDFDLTGELFF,YLFDESGEF
0,CASSFFASGDTDTQYF,VVLSWAPPV
1,CASSYSGQGYTF,ALYGFVPVL
0,CASNPSPGNTGELFF,VLEETSVML
1,CASSVDRVADTQYF,GMGPLLATV
1,CASSLAGGYEQYF,YVDNSSLTI
1,CASSPLGQDTQYF,SLFNTVATL
1,CSVRLTDYNEQFF,ILNVDIFTL
0,CASSYLNRDSALDF,KLNTITPVV
1,CASSELGGGPYEQYF,RLSDFSEQL
1,CASSGFSNQPQHF,MMPFSIVYI
0,CASSPLGQDTQYF,SLFWNEPAI
1,CASSLNPSGTVETQYF,ILGFVFTLT
0,CASSPRDRTGGYTF,LACFVLAAV
0,CASSQDPAERSGNTIYF,LACFVLAAV
1,CASSFIGGTDTQYF,YLEPGPVTV
1,CSATPSLGPEQPQHF,LPDDFMGCV
0,CASSLQGTGYGYTF,SLLRSLENV
0,CASSIPTSSYEQYF,VVMSWAPPV
0,CASSISGGSYEQYF,FLAHIQWMV
0,CASSPSGLVSYEQYF,LLLDRLNQL
0,CASSSWTQQETQYF,FLNRFTTTL
0,CASSQAHTGELFF,FLYALALLL
0,CASSPYGQGGRDTEAFF,RTLNAWVKV
1,CASSDTGELFF,TLNAWVKVV
1,CASSEVGNEQFF,ALSKGVHFV
0,CASSQGQGSLQYF,FTVLCLTPV
0,CASSFGTGRHEQYF,VAANIVLTV
0,CATSDSGLATATDTQYF,VLEETSVML
0,CSASWNEQFF,ELAGIGLTV
0,CASSSPVQTSGLHEQFF,YVLTWIVGA
1,CSVEEVSGANVLTF,KQIYKTPPI
0,CASSRGGLNTGELFF,YLQPRTFLL
0,CASSSDINYGYTF,KLNEEIAII
0,CASSRIANNNNEQFF,ILNVDIFTL
0,CSVLGQGNFNEKLFF,FLPRVFSAV
0,CASSGELTDTQYF,RLGPVQNEV
1,CASSMGPTGYGYTF,IMLCCMTSC
1,CASTGTGVFNEQFF,ALWEIQQVV
0,CASRPGLAGGEQYF,TLMNVLTLV
1,CASSHWREESEQFF,LLWNGPMAV
0,CAISESVGQGQETQYF,FLIYLDVSV
0,CASSESPGYGYTF,SLPITVYYA
0,CASRPRAGGNYEQYF,YVLTWIVGA
1,CASSYGTGYEAFF,KLWASPLHV
1,CASSVVGGPGEQYF,CLGGLLTMV
1,CASSLSPANYNEQFF,YVWKSYVHV
1,CASSLSGQGATNEKLFF,MLYQHLLPL
1,CASSPDRSGQFF,SLFWNEPAI
0,CASSQDRWDVMSQNIQYF,YLQPRTFLL
0,CASSLWSTSNQPQHF,TLMNVLTLV
0,CASSPQAGGELYF,AMFWSVPTV
0,CASSPRSYEQYF,FLTYLDVSV
1,CASSFSNDYEQYF,TLWCSPIKV
0,CASSIGGTEAFF,FLALCADSI
0,CATEGDSYEQYF,TMADLVYAL
1,CASSIAPGNEQYF,LLFGMPPCL
0,CASSPPGRYYEQYF,RLSDFSEQL
0,CASSVASGQLYGYTF,FLYNLLTRV
1,CASSTLIGSGNTIYF,FLTVFSHFM
0,CATSDLFQETQYF,RLGPYLEFL
0,CASSYSSLGYEQYF,FLNRFTTTL
1,CASLDRVGGYTF,LMCQPILLL
0,CASSSPSQGITGELFF,FMIGYTSAL
1,CASSRYGGPSDNEQFF,KMVAVFYTT
0,CSARAPDRADEQFF,KLFIRQEEV
0,CASSPAGLAITGELFF,KMVAVFYNT
0,CASSQYGNQPQHF,YTMADLVYA
1,CASSQDPGSNQPQHF,FMLYLLTLM
0,CASSIAPGNEQYF,TLMNVITLV
0,CASSLGITEAFF,AVGSYVYSV
0,CASSVGSGGAGYGYTF,AAGIGILTV
0,CASSLDRNTEAFF,IMDQVPFSV
1,CASSFVGDTQYF,FLCMKALLL
0,CASSLSMGGAGELFF,KLNEEIAII
1,CASSDVSGNTIYF,RLSDFSEQL
1,CASSEWDTEAFF,NLFNRYPAL
0,CASSPGGAPFYEQYF,LMIERFVSL
1,CASSLGPVYEQYF,TLWCSPIKV
0,CASSPGTTTNEKLFF,FTVLCLTPV
1,CASSELAKGQGEQFF,FLALCADSI
1,CASSLGAGSYEQYF,VLFHRAFLV
1,CASSLWGGYTEAFF,KLWAQCVQL
1,CASSHQPVSPTDTQYF,LLNKHIDAY
0,CASRFGVRGYTF,KVLEYVIKV
0,CASSQKGPGKGETQYF,VLFGLGFAI
1,CASSQDYNEQFF,YLLEMLWRL
1,CASSLLAGVSYNEQFF,KLNEEIAII
1,CASSFSVWDSNQPQHF,KLNTITPVV
0,CASSPVPGLDEQFF,LLFGMPPCL
1,CASSVGTGYEQYF,FLTYLDVSV
1,CASSQEGRQGSYNEQFF,VLNPFIYML
1,CASSLGLSGAYNEQFF,KLMNIQQKL
0,CASSPGQAFSYTF,ILNAMIAKI
0,CASSVEGAHPIQETQYF,LLSIIFFPA
0,CSVPEGNTGELFF,FLNGSCGSV
1,CATSDSSGSNEQFF,YLGGMSYYC
0,CASSLSLAGLQETQYF,SLAPLSPRV
1,CASSLGGNTEAFF,YTMADLVYA
0,CASSFRGRLAGLETQYF,FLPGVYSVI
1,CASSVGSGGAGYGYTF,TTIQTIVEV
0,CASSPGSSGNTEAFF,KLMNIQQKL
0,CASSGAAGTSAYNEQFF,YILKYSVFL
0,CASSLLGEAAVDEQFF,LLAGTLAVV
0,CASTSGNTGELFF,LLYDANYFL
0,CASSLRGEKNNYGYTF,AVGSYVYSV
0,CASSQDGGLNGELFF,WLLWPVTLA
1,CASSYQTGPYSNQPQHF,MMPFSIVYI
1,CASSPPGRYYEQYF,FLIYLDVSV
1,CANGQGDYEQYF,LLAGTLAVV
1,CASSLPPADMRDTQYF,LLFGMPPCL
0,CASSTYGLAGETQYF,FLIYLDVSV
1,CASSITFSDTQYF,LLAILPYYV
0,CASSLEVVQETQYF,YLYALVYFL
1,CASSLVRDRHTEAFF,LLAILTYYV
0,CASSPPDGQGDYGYTF,RQLLFVVEV
0,CASSEDRGNSPLHF,IMNDMPIYM
0,CASSESLVHNYGYTF,GLCTLVAML
0,CSATPRYRGYEQYF,TLWCSPIKV
0,CSVEKGQGQETQYF,GILGFVFTL
0,CSARDPLAGIDTGELFF,MMPFSIVYI
1,CASSLGGTSTAETQYF,FLNRFTTTL
1,CASSQGSGANVLTF,ALYGSVPVL
1,CAISEAGPGSANTEAFF,FMLYLLTLM
1,CASSQGQGIYEQYF,RMFPNAPYL
1,CASSSGTGVDYEQYF,RIMTWLDMV
0,CASSQGPLANLYNEQFF,KINAWIKVV
0,CASSLGAGDADTQYF,LLLEWLAMA
1,CASSSGGGNEQFF,ALTPVVVTL
0,CASSPGTGYEQYF,FLCMKALLL
1,CASSYWAGWTEAFF,LACFVLAAV
0,CASSYQTGPYSNQPQHF,LLWNGPMAV
1,CASSLPNEQFF,KVYPIILRL
1,CSARDTGMGTGELFF,LMCQPILLL
0,CASSQGSGANVLTF,IILVAVPHV
0,CSVEDPDRGYEQYF,KMVAVFYNT
1,CASSEYQEPYNEQFF,KLNTITPVV
0,CASTLAHGTTMGYTF,KLNTITPVV
0,CASTLTGFAEAFF,ILKEPVHGV
0,CASSVAGTGGLFYTF,MMILSDDAV
1,CSARAPDRADEQFF,TLMNVITLV
0,CASSLWGRYTEAFF,KMVAVFYTT
0,CSVEGLRGGNEQFF,VMVELVAEL
1,CASSLVGAEAFF,LLSIIFFPA
0,CASSFVGDTQYF,ILTGLNYEV
1,CASSQEEPGTTYGYTF,IMLCCMTSC
1,CASSLMGAEAFF,NLFNRYPAL
1,CASSLAGQGALSRQYF,GLCTLVAML
1,CASSPTHLDRHSAGELFF,FLLNKEMYL
1,CASSLWSTSNQPQHF,TTIQTIVEV
0,CASSEKPDTQYF,KLWASPLHV
0,CASSVDGVLYNSPLHF,SLYNTVATL
0,CSVEGSGGTQYF,RLGPVQNEV
1,CASSTQVGYEQYF,RMFPNAPYL
1,CASSLPTENTDTQYF,SLYNTVATL
1,CASSQEAREVVYEQYF,CLAVHECFV
1,CASSLYSPAHTEAFF,ELTSMKYFV
0,CASSTQVGYEQYF,FLYNPLTRV
0,CASSGTSGETQYF,SLLMWITQA
1,CATSKTADRSPYEQYF,VLNPFIYML
1,CASTLGATGELFF,LLNKHIDAY
0,CASSPTGLGETQYF,LLLGIGILV
1,CASSQAHTGELFF,ALYGFVPVL
1,CASSQGQGSLQYF,FLIYLDVSV
0,CASTGTGVFNEQFF,IMLCCMTSC
1,CASSSAHYGYTF,MLAKALRKV
1,CASSYSSGYGYTF,FLYNPLTRV
1,CASNNLLGVQFF,CLAVHECFV
0,CASSSGVERPYEQYF,VLNPFIYML
0,CASSWDSQSSGNSIYF,YVDNSSLTI
1,CASSSSGREETQYF,SLLRSLENV
0,CASRVGQNYNSPLHF,KLDGFMGRI
1,CASSRGGHEQYF,NLNCCSVPV
1,CASSLGFGRDVMRF,RMFPNAPYL
1,CASKIGGGDYYEQYF,VLSTFISAA
1,CASSLGDREGTWNEQFF,LLLEWLAMA
0,CSAGIPGQVFSSNEKLFF,LLDDFVEII
1,CASSVGSGEQYF,KMVAVFYNT
1,CASTATFGVTEAFF,LIIPFIHLI
0,CASSLHPTTGELFF,AMFWSVPTV
0,CSAPKEEPYGYTF,MLYQHLLPL
1,CASSLAPGAEQYF,FTVLCLTPV
1,CASSPGSSYNEQFF,YMPYFFTLL
1,CASSPLVPASSYNEQFF,NLIDSYFVV
0,CASRPRQVETQYF,LLSIIFFPA
1,CASSPRGVGTEAFF,ILNVDIFTL
1,CASSLRSGRVQETQYF,RLQSLQTYV
0,CASSPVLGTYGYTF,VLNYFKPYL
0,CSARGMRPEQYF,YVVDDPCPI
0,CASSRILAGHDNEQFF,MMPFSIVYI
0,CASVGGRSYNEQFF,FLYNLLTRV
1,CASSEIQAFEETQYF,KMVAVFYNT
0,CASSPDIGLFF,RLPGVLPRA
1,CASSPPGTYNEQFF,LMFWASSSI
1,CASSTGGWQPQHF,YILKYSVFL
1,CATSDSRGYGYTF,YLEPGPVTV
0,CASSLEWGGETQYF,KTWGQYWQV
0,CASSLPNEQFF,MLDMYSVML
1,CASSPMMDEQFF,RLQSLQTYV
0,CSVEYEGMGKNIQYF,AIFYLITPV
1,CSVDRTSGNTEAFF,YILKYSVFL
1,CASSPGVRANVLTF,MLDLQPETT
0,CASSLAGGGYYGYTF,NLFNRYPAL
0,CASSTGQGGDTQYF,FLVLLPLVS
1,CASSQDQNTEAFF,LLFGMTPCL
1,CATSDLFQETQYF,KQIYKTPPI
1,CASSLGQSSYNEQFF,KSVNITFEL
1,CASSYPWDSQSSYNEQFF,YLQPRTFLL
1,CSASSEGDEQFF,KSVNITFEL
0,CASSVEGSTEAFF,SLLMPILTL
1,CSAREVRDLYNEQFF,VVLSWAPPV
0,CASSPGRSYEQYF,VFLVLLPLV
0,CASGKGDTEAFF,YTMADLVYA
0,CASSAELNTYEQYF,SLFWNEPAI
1,CASSLGTSGYEQYF,FLLNKEMYL
0,CASSSAWTGYEQYF,LACFVLAAV
1,CSVGRQGRYNEQFF,TMADLVYAL
0,CASSLGQYNSPLHF,VLNPFIYML
1,CASSVEGVADTQYF,AVGSYVYSV
1,CASSRRGTEAFF,YVDNSSLTI
1,CAWSAYTGELFF,KLMNIQQKL
0,CSARAGAWTEAFF,LLDDFVEII
0,CATSDSYHNRANTGELFF,SWMESEFRV
0,CASSVDSPGTEAFF,TTIQTIVEV
0,CSARTGIGPYEQYF,IILVAVPHV
1,CAISESNGLYPDTEAFF,FLNRFTTTL
0,CASSLVGGGREYTGELFF,LMFWASSSI
1,CASSQDRWNYEQYF,FLAHIQWMV
1,CASSWTGTGGDGYTF,WLLWPVTLA
1,CASSSEYRSGANVLTF,LLFGYPVYV
1,CASSTSGREETQYF,SLLRSLENV
1,CASSPRAYNEQFF,ILTGLNYEA
1,CASSSLGDSYEQYF,LLFGMTPCL
0,CASSPDDRESSYNEQFF,SLLRSLENV
0,CSGRDSYTEAFF,TLWCSPIKV
0,CSGLVPGFDSPLHF,RLVPYLEFL
1,CASSRDSFKETQYF,LLYDANYFL
0,CASSFTGSSYNEQFF,FLPRVFSAV
1,CASTSYAGGELFF,KLQFTSLEI
0,CASAPGPVYEQYF,RLQSLQTYV
0,CATQTLNTGELFF,GLTSFFIAI
1,CASTETSGAYNEQFF,LLLDRLNQL
1,CASSIFTRRGYEQYF,ILNVDIFTL
0,CASSFSNDYEQYF,RLQSLQTYV
0,CANSFDAEAFF,RLVPYLEFL
0,CASSEIQAFEETQYF,YILKYSVFL
0,CASSTTFSGGWSEQFF,LLAILPYYV
0,CASDSGSGQPQHF,FLCMKALLL
1,CASRTPFGTGGEAFF,ILFTRFFYV
0,CASSLAGGSYEQYF,RLGPVQNEV
1,CAWSGGQIMNTEAFF,RLQSLQTYV
1,CSVEVGAGETQYF,ILKEPVHGV
1,CASSPGTGWAEAFF,RLQSLQTYV
1,CASSQDVGQLYGYTF,ILGFVFTLT
1,ASSYESNYGYT,FLYNLLTRV
1,CAISERDFQETQYF,KLNEEIAII
0,CASSPGQGHTDTQYF,LIIPFIHLI
0,CASSLIANQETQYF,LLFGMTPCL
1,CASSAEGSPEAFF,ALSKGVHFV
0,CASSHQPVSPTDTQYF,FMIGYTSAL
1,CSALGGQASTDTQYF,IMNDMPIYM
0,CATSVGSGPLSTDTQYF,YLYALVYFL
0,CASSWLNTEAFF,KQIYKTPPI
1,CASSQDREHQPQHF,AIFYLITPV
1,CASRSDRVTEHTQYF,RLPGVLPRA
1,CASSPVLGTYGYTF,SLAPLSPRV
0,CASSIRSSETQYF,FLYNPLTRV
1,CASSPWASGRATGELFF,KLQFTSLEI
0,CASSIPSRTTNYGYTF,FLYNPLTRV
0,CASSGELRGAEKLFF,NLVPMVATV
0,CASSLETGYGEQYF,ALYGSVPVL
0,CASSLGNTEAFF,IILVAVPHV
1,CASSWSFGTEAFF,AAGIGILTV
1,CASGGLGEETQYF,FLCMKALLL
1,CSARDGTSEGISYNEQFF,FLLNKEMYL
1,CASSFGANTGELFF,FLTYLDVSV
1,CASSLEWGGETQYF,FLYALALLL
0,CASSSGTVPYEQYF,SMMILSDDA
1,CSARDFDLTGELFF,RTLNAWVKV
1,CASRGLGRADTQYF,AIFYLITPV
1,CASSARGYDEQFF,ILTGLNYEV
0,CSALGGQASTDTQYF,MLGEQLFPL
1,CAWSWTVNTEAFF,FLTVFSHFM
1,CASSQGDFYSNQPQHF,WLLWPVTLA
1,CASSSIEEGAGNTIYF,SWMESEFRV
0,CASQLVNTGELFF,RLARLALVL
0,CAWGTLATEQYF,FLCMKALLL
0,CSARSEKSGANVLTF,FLALCADSI
1,CASSYGQGSIGELFF,ELAGIGLTV
0,CSARERGHYNEQFF,FMLYLLTLM
1,CASSSVGVDTQYF,VAANIVLTV
1,CASSGSGASTDTQYF,KMVAVFYNT
1,CAISEEVSGGVGANEQFF,NLIDSYFVV
1,CASILGLTTYNEQFF,AVGSYVYSV
0,CASSLSSTGGGQFF,SMMILSDDA
0,CASSQDGTAPYNEQFF,KLWASPLHV
1,CASSHGLAGGEQYF,FLAEHEYGL
1,CASSPPGGSSYEQYF,LLLEWLAMA
0,CASSHEHGQGGEQYF,YLGGMSYYC
1,CASSVGSQETQYF,ILTGLNYEV
0,CASSLVGYQGTEAFF,FLCMKALLL
0,CSADVGGQNEQYF,LLLEWLAMA
1,CASSFRQTLAVYEQYF,LLSIIFFPA
0,CASSLVPQGEEPY,YVWKSYVHV
1,CASSLGAEQYF,LLFGMTPCL
0,CASSQDLVSQPQHF,CVNGSCFTV
1,CASSPPDGQGDYGYTF,KMVAVFYNT
1,CASSPVTGGDNSPLHF,KLMNIQQKL
0,CASSLGGRRYEQYF,FLCMKALLL
1,CASSLTPGGSTDTQYF,ALWEIQQVV
0,CASSPVGGSMAKNIQYF,YVWKSYVHV
1,CASSPTGAGYEQYF,FLYNLLTRV
0,CSPAGGNYNEQFF,ILNAMIAKI
1,CASSQDLLAQSNTEAFF,YMPYFFTLL
1,CASSVDSPGTEAFF,GILGFVFTL
1,CASSEGSEAFF,LMFWASSSI
1,CASSPGNNEQFF,KTWGQYWQV
0,CAISEGVWTYEQYF,YVDNSSLTI
0,CASSPGNNEQFF,RMFPNAPYL
0,CSAEGENSGNTIYF,LLLEWLAMA
0,CASSVGTSPRSYNEQFF,ILTGLNYEA
1,CASSEQVGGTEAFF,KLSYGIATV
0,CASSLISEATGLEAFF,YVDNSSLTI
1,CASSQDLGQGASPLHF,FLPGVYSVI
0,CAGRSGEITGYTF,KMVAVFYTT
1,CASSLDFQGPRDF,LLAMTVPNV
0,CASSLYVYSYEQYF,KLKDCVMYA
1,CASSLSPREQYF,ELTSMKYFV
0,CASSLGPPADTQYF,CVNGSCFTV
1,SVEDRVNYGYT,MLGEQLFPL
0,CASSQGQGIYEQYF,VLFGLGFAI
0,CSARASGAYEQYF,NLVPMVATV
1,SLDRATNEKL,SLLMWITQA
1,CASTEGQGGEQYF,AVGSYVYSV
1,CASSLGNTEAFF,FLYNPLTRV
1,CASSEGTDTQYF,FLYNLLTRV
0,CASSLAPGAINEKLFF,ILFTRFFYV
1,CASQLVNTGELFF,YLQPRTFLL
0,CASSPWTGIPYNSPLHF,LLAGTLAVV
1,CASSPAGTDYGYTF,KLNTITPVV
0,CASSEVRGPWAETQYF,FLIYLDVSV
1,CASSFAVYEQYF,KVYPIILRL
1,CAISFPGQGDTEAFF,TMADLVYAL
0,CASSFAVYEQYF,ILFTRFFYV
1,CASSMHGASELYF,GILGFVFTL
0,CASSLTSGGPVTDTQYF,RLGPYLEFL
0,CASSQAPGHWETQYF,HLMSFPQSA
0,CASSQAGEQYF,KLNEEIAII
1,CASSGLLGHEQYF,IMDQVPFSV
1,CASSIGSYGSTF,GILGFVFTL
0,CASSLDPTGQFYNEQFF,TLKNTVCTV
0,CASSLVPQGEEQYF,KTWGQYWQV
1,ASSFIGGTDTQYFG,YLEPGPVTV
0,CASSLVRGWGYGYTF,ILNAMIAKI
1,CATEGDSYEQYF,KQIYKTPPI
0,CASSVGTAGEQYF,LLLGIGILV
0,CASSQETGTGGPDTQYF,VLSTFISAA
1,CASSLGLNYEQYF,MLNIPSINV
1,CASSQYGNQPQHF,KVLEYVIKV
0,CASSQEQGLSEKLFF,LLFGYPVYV
0,CASSLGQGQPQHF,VLFGLGFAI
0,CASNNLLGVQFF,IILVAVPHV
1,CASSVESGEQYF,FLTYLDVSV
1,CASSPQAGGELYF,CINGVCWTV
0,CASSVSGPPTGELFF,LLFGYPVYV
0,CASSFGDSYNEQFF,ALYGFVPVL
0,CASSVVGARTDTQYF,RLQSLQTYV
0,CAWSVERVGQAYGYTF,ILNAMIAKI
1,CASSLGAGDADTQYF,YILKYSVFL
0,CASSFPYQGDTEAFF,LLYDANYFL
1,CASSFGRNRSQNTEAFF,MLYQHLLPL
0,CASSYSSDRSSYEQYF,ALSKGVHFV
0,CASSLGPVYEQYF,SLFWNEPAI
1,CASSPVPGLDEQFF,VLFGLGFAI
1,CSVGGGEGNYEQYF,VLFHRAFLV
0,CAWSWTVNTEAFF,KLSYGIATV
0,CATSRDLWDGNQPQHF,LPDDFMGCV
1,CSARDLGGIANYGYTF,IMLCCMTSC
0,CASSTGGGADTQYF,FLLNKEMYL
1,CASSPAGPQETQYF,NLVPMVATV
0,CTISEWGGETQYF,CLGGLLTMV
0,SVAGDIQETQ,NLVPMVATV
0,CASSELDEKYGYTF,YLEPGPVTV
0,CASSLMGAEAFF,VLFHRAFLV
0,CASSWAPHYEQYF,IMLCCMTSC
0,CASSEVGQGFNGYTF,LLLDRLNQL
0,CASSETSGLIDEKLFF,KLWAQCVQL
0,CASSRTAGTYYNEQFF,GLCTLVAML
1,CASSLRGEKNNYGYTF,GMGPLLATV
0,CASSLVIPNTEAFF,LLLGIGILV
1,CASSVWAGGYNEQFF,VVMSWAPPV
1,CASSYGLNQPQHF,LLLGIGILV
0,CATTRGPKLNEKLFF,VLEETSVML
0,CASSPHSGGDPRNEQFF,TTIQTIVEV
0,CASSLGNYEQYF,SLAPLSPRV
0,CASRGSGNEQFF,AIFYLITPV
1,CASSLVAGALLDTQYF,SVLYYQNNV
1,CSSPGREGPQYF,FLIYLDVSV
1,CASSVGGVSPLHF,YLLEMLWRL
0,CASSSQSTGTAGVYEQYF,FLTYLDVSV
0,CASSQDFPGTYGYTF,CLGGLLTMV
0,CASSRDSFKETQYF,FLLNKEMYL
0,CSTLLAGGGDEQYF,ELTSMKYFV
0,CAWSHSGGYEQYF,LLFGMTPCL
0,CASSITGWGGTEAFF,IMNDMPIYM
0,CASTRLLGSADTQYF,HLMSFPQSA
1,CSARDRQGQNTGELFF,YLQPRTFLL
1,CASSLGTGGTEAFF,VLAWLYAAV
0,CASSLDSGSKEKLFF,ALSKGVHFV
0,CATSDSSGSNEQFF,FLPGVYSVI
0,CASSEFTRSYEQYF,SLLMWITQV
0,CASSIRSAYEQYF,NLNCCSVPV
0,CASTPSESGDTQYF,CINGVCWTV
0,CASSQVPGGYEQYF,VLAWLYAAV
1,CAGGTGETSPGELF,GLCTLVAML
1,CASSPLGLAEQETQYF,VLFHRAFLV
1,CSARDAGGDYGYTF,TLNAWVKVV
1,CASSISGGSYEQYF,RLGPYLEFL
1,CASSLFPSGMDHEQYF,YVLDHLIVV
0,CANGQGDYEQYF,LIIPFIHLI
1,CSAPKEEPYGYTF,SLAPLSPRV
1,CASRGPYHNEQFF,LLGATCMFV
0,CASSLPPADMRDTQYF,KSVNITFEL
1,CASSPSGLVSYEQYF,TLMNVLTLV
1,CASTPSESGDTQYF,FLNRFTTTL
1,CSVGQGATEQYF,VLEETSVML
1,CAGLGDSGGSNYKLTF,VLFGLGFAI
1,CASSQEIGVYGYTF,MMILSDDAV
0,SVEDRVNYGYT,LLGATCMFV
0,CASSQVQGLYEQYF,NLVPMVATV
1,CASSLIGTGGEKLFF,FLCMKALLL
1,CASSVGTSPRSYNEQFF,RLSDFSEQL
0,CASSPSSPYEQYF,LIIPFIHLI
0,CASSQGGGGTDTQYF,MIISHLYLI
1,CASWVGQNYNSPLHF,RLGPVQNEV
1,CASGDSGALEFF,KLMNIQQQL
0,CASSLRRTATYEQYF,LMFWASSSI
1,CASSPDIGAFF,YLQPRTFLL
0,CASSMHGASELYF,LLAILTYYV
1,CASSPGTSGIEQFF,KLKDCVMYA
1,CSVEDPDRDGYTF,ILFTRFFYV
0,CAGSVTGALGTEAFF,LLFGYPVYV
1,CASSPGSSGNTEAFF,YADVFHLYL
1,CASSLASEGELFF,TMADLVYAL
1,CASSPGRTANYGYTF,KVYPIILRL
0,CASSISPSSYEQYF,LLLDRLNQL
1,CAWSLGNSIELNYGYTF,RLQSLQTYV
1,CASSYGTYGELFF,RLSDFSEQL
1,CASSFGQRETEAFF,KLMNIQQKL
1,CASSQWGGNEQFF,LLAMTVPNV
1,CASSLAGDSYNEQFF,ALSKGVHFV
1,CASSQSGLADSDTQYF,YVVDDPCPI
0,CASSEGWVDTQYF,AVGSYVYSV
1,CASNQGGGKFEAFF,FIAGLIAIV
1,CASSIGNVEAFF,KVYPIILRL
1,CASSYSSDFWGDQPQHF,VVLSWAPPV
0,CASSYPNQPQHF,FLYNLLTRV
1,CASSGGGGRGYNEQFF,LIIPFIHLI
0,CASSSGTGDKETQYF,GILGFVFTL
1,CASTRLLGSADTQYF,YVLDHLIVV
1,CASGLLAPFFTDTQYF,TALALLLLD
0,CASSLIQVGYEQYF,VVLSWAPPV
1,CSASLWTGDTGELFF,FLNRFTTTL
1,CASSYSLAGEFF,ILTGLNYEA
0,CASSGSGGATDTQYF,RLQSLQTYV
1,CASSWTGNTEAFF,VVLSWAPPV
0,CASSFGPDEQYF,GLTSFFIAI
0,CSARHLANNEQFF,LMIERFVSL
1,CASSNLGGTDTQYF,LLFGMTPCL
1,CAISPGGGSYEQYF,SLLMPILTL
0,CAGLGDSGGSNYKLTF,SLLMWITQA
1,CASSVVGARTDTQYF,KMVAVFYNT
1,CASSLRDTATNEKLFF,ALWEIQQVV
1,CASSTGLAGGEQYF,FLAEHEYGL
1,CAISESVGQGQETQYF,LMCQPILLL
1,CSWDFQETQYF,ALYGSVPVL
1,CASSFGDSYNEQFF,LLDDFVEII
1,CASSYGGSSYEQYF,SLLWMNLFV
0,CASSYEWGGLPKNIQYF,VFLVLLPLV
1,CSVEPISSYNEQFF,IMDQVPFSV
0,CASSDRDSVNYGYTF,YILKYSVFL
0,CASSALAGGQADTQYF,LLFGYPVYV
0,CASSELGGGPYEQYF,YTMADLVYA
0,CASSIGNVEAFF,FLNGSCGSV
1,CASSGRDRNF,LLSIIFFPA
0,CASSYNQGPYDNNEQFF,TLMNVLTLV
0,CARTSGQGVFMNTEAFF,VVMSWAPPV
1,RASSPRTGGEQYF,RLGPYLEFL
1,CASSLGGPGAFF,LLFGMTPCL
1,CASSIGASEAFF,CLAVHECFV
1,CASRDSVGGGEGYTF,LLSIIFFPA
1,CASSQDGGTSGGGQI,ELAGIGLTV
1,CASSFGPVEQYF,LLFGMPPCL
1,CASSGPGGRTEAFF,MMILSDDAV
1,CASYFFALFTDTQYF,VVMSWAPPV
1,CSARASGAYEQYF,NLNCCSVPV
0,CAGGTGETSPGELF,RQLLFVVEV
1,CASSLRQSTDTQYF,LLHGFSFYL
1,CSARLKGGGDTQYF,ILTGLNYEA
0,CASILGLTTYNEQFF,YVWKSYVHV
0,CASSYSDRSSYEQYF,ILKEPVHGV
1,CASSFSLGAAGELF,YVLDHLIVV
1,CASSLGQGAVYEQYV,YLEPGPVTV
1,CASSSAARTGNEQFF,VFLVLLPLV
0,CASSSLSTGGTYEQYF,TMADLVYAL
0,CAWSGLAVSSYNEQFF,ALYGFVPVL
1,CASSVAGTGGLFYTF,ALWEIQQVV
1,CASSQGTGGGEQFF,YILKYSVFL
1,CSARKSASVRETQYF,LLLGIGILV
1,CASSLAGGGYYGYTF,SWMESEFRV
1,CAISEGVWTYEQYF,YLLEMLWRL
1,CASSYSTGVGYTF,WLLWPVTLA
0,CASSQEDSWGDTQYF,FLYALALLL
1,CAASGGSNYKLTF,VLFGLGFAI
0,CASSSPGGVSTEAFF,VAANIVLTV
0,CASSPGQAEPQHF,GMGPLLATV
1,CASSSQSTGTAGVYEQYF,ILGFVFTLT
1,CAWSAGGTGELFF,KLMNIQQKL
1,CSARTLAGFTDTQYF,AMFWSVPTV
0,CASSKPGDSYEQYF,VVLSWAPPV
1,CASSPAGLAITGELFF,FLAHIQWMV
1,CASSLGTLNEQFF,ALSPVIPLI
0,CASNQGGGKFEAFF,CLNEYHLFL
1,CASSQDMRAGGPNEQFF,HLMSFPQSA
1,CASKRMTGEAGQPQHF,RLGPYLEFL
1,CATSDYTSDTQYF,SLLMWITQV
0,CASSPRGSYWDEQYF,VLNYFEPYL
0,CASLDRVGGYTF,IMNDMPIYM
0,CSVWGREGLNEQFF,KLWAQCVQL
0,CASSYGGGYEQYF,RTLNAWVKV
1,CASSSTGASETQYF,LACFVLAAV
1,CASSQVRDRDINYGYTF,KMVAVFYTT
0,CASSPDRSGQFF,VLAWLYAAV
0,CASRPDNRGIIAKNIQYF,KINAWIKVV
0,CSASSEGDEQFF,VLEETSVML
0,CASSLGAGSYEQYF,SLYNTVATL
1,CSVMLANQETQYF,CLGGLLTMV
0,CASSPLYVALREQYF,FLYNPLTRV
0,CASSYFDSGKFAGELFF,TLWCSPIKV
1,CASSPSGSGNEQFF,YLLEMLWRL
1,CASLEAGGETQYF,YVLTWIVGA
0,CAISERDFQETQYF,ELTSMKYFV
0,CASSRNPSSYNEQFF,VLEETSVML
0,CASSQEDRDNSPLHF,KLMNIQQKL
1,CASSSPSQGITGELFF,LLAILPYYV
1,CASSGQGHPYNEQFF,ILTGLNYEA
1,CASSRIANNNNEQFF,VLNYFEPYL
1,CASSLKTDSTPLQETQYF,RLVPYLEFL
0,CASGGTGEYEQYF,ILKEPVHGV
1,CASSFGPDEQYF,GMGPLLATV
1,CASRLSGSAYEQYF,KVLEYVIKV
0,CASSPLVPASSYNEQFF,LLFGMPPCL
0,CASSVVSGGDGYTF,MIISHLYLI
0,CASSLSRSQPPNQPQHF,SLLMWITQA
1,CASSTSTDTQYF,RQLLFVVEV
1,CASSFPVSDPSTDTQYF,KMVAVFYTT
1,CSVEDRVNYGYTF,MLGEQLFPL
0,CASSSNRGPEQFF,ELAGIGLTV
0,CATSDSRGYGYTF,LMIERFVSL
0,CASSFFGSNQPQHF,ALSPVIPLI
0,CASSLSGEYEQYF,MLGEQLFPL
1,CASSYPSTGSSYEQYF,KMVAVFYNT
0,CSSDEYNEQFF,TLNAWVKVV
1,CSVGGSGGADTQYF,SLLMWITQV
0,CSARTEGAEAFF,LLSIIFFPA
1,CASSIALGGYTF,YLEPGPVTV
0,CASTATFGVTEAFF,ALYGSVPVL
1,CSARVRTGRNNQPQHF,TLMNVLTLV
1,CASSQDGTAPYNEQFF,YADVFHLYL
1,CASVGGRSYNEQFF,NLVPMVATV
1,CASSSRDHPETQYF,FLLNKEMYL
1,CASSTGQGGDTQYF,GLTSFFIAI
0,CASSLASEGELFF,IMDQVPFSV
1,CASSLGITEAFF,TALALLLLD
0,CASSLIGTGGEKLFF,FLPGVYSVI
0,CASSVEEPGTVYEQYF,IMLCCMTSC
1,CASSPRSYEQYF,KLFIRQEEV
1,CSARQGSNGELFF,KLSYGIATV
0,CASRPEAGNPVVTEFF,YLEPGPVTV
0,CASSPQGDNEQFF,KLNTITPVV
0,CSARDRSGIDTQYF,LLGATCMFV
0,CASSYGLNQPQHF,LLHGFSFYL
0,CASSQDLLAQSNTEAFF,MLAKALRKV
1,CASSLQGVQNEQFF,YVWKSYVHV
0,CASSQGDFYSNQPQHF,ILGFVFTLT
0,CASGTLNTGELFF,RIMTWLDMV
0,CASSWWDTGELFF,IMDQVPFSV
0,CASSFGGPPNTGELFF,LLLGIGILV
1,CASSPTGLGETQYF,CLNEYHLFL
1,CASSGPARDTQYF,SLLMWITQA
0,CARSFDSEAFF,KMVAVFYNT
1,CASSEPNYEQYF,FLNGSCGSV
0,CASSASEPSGETQYF,FLAEHEYGL
1,CASSFGVGQPQHF,LMFWASSSI
0,CASSQEEPGTTYGYTF,YLLEMLWRL
1,CASSHRGTNYGYTF,FLNGSCGSV
1,CSVENRVIYGYTF,MLGEQLFPL
0,CASREGLEDTEAFF,ALSKGVHFV
0,CASSVAGSYGDTQYF,YVDNSSLTI
1,CASSLMDSLQETQYF,CLAVHECFV
0,CASSELPAGGTNEQFF,NLVPMVATV
0,CASSVTVRGDEQFF,LLWNGPMAV
1,CASSSGQSPFGYTF,YVWKSYVHV
1,CASSWGDYNEQFF,YLLEMLWRL
1,CASSLGDRGPQPQHF,AVGSYVYSV
0,CASSQDMRAGGPNEQFF,RLPGVLPRA
0,CASSQDRDYEQYF,FTVLCLTPV
1,CASSLERLRVYSGYTF,LLGATCMFV
1,CASSQTQGNEQFF,LLLGIGILV
0,CAAWDDSLNGWVF,NLVPMVATV
0,CASSHRGTNYGYTF,ALYGFVPVL
1,CSARGDLLPEAFF,VVMSWAPPV
1,CASSQDASGGPDIQYF,ALSKGVHFV
0,CSARGDLLPEAFF,YLFDESGEF
0,CASSGPARDTQYF,KLKDCVMYA
1,CASSLGPSLYEQYF,SLAPLSPRV
0,CASSLMDSLQETQYF,FIAGLIAIV
0,CASSERGHYGYTF,KTWGQYWQV
0,CASSYEGAGYGYTF,KTWGQYWQV
1,CASSFGSGEQFF,MLGEQLFPL
0,CASSVEGVADTQYF,TLKNTVCTV
1,CASSRTGITDTQYF,CLNEYHLFL
0,CASSEGTDTQYF,VLNYFEPYL
1,CASSKQGESNSPLHF,LLWNGPMAV
0,CASSSLQGNGQPQHF,VLFGLGFAI
0,CAWSAGGTGELFF,YLYALVYFL
1,CASTVRQGSNQPQHF,LLAILTYYV
0,CSASFHNGFWGGTEAFF,RLARLALVL
0,CASSYMGPEAFF,ALSPVIPHI
1,CASSLLGEAAVDEQFF,YLYALVYFL
0,CASSLSGQGATNEKLFF,TLWCSPIKV
1,CASTVQGRETQYF,YVLDHLIVV
1,CASSTYRNTGELFF,YVDNSSLTI
1,CASSHTSGGLKDTQYF,TLNAWVKVV
1,CASSQGGGGTDTQYF,ALYGSVPVL
1,CASSEDRGNSPLHF,FLYNPLTRV
0,CASSQRTPSTGELFF,ILTGLNYEV
1,CASSQGPPGSGGGNEQFF,ALSPVIPLI
0,CASSLGGGDNEQFF,TALALLLLD
1,CASSVDGVLYNSPLHF,YLEPGPVTV
0,CASTESSYNEQFF,RQLLFVVEV
0,CSVQGPYNEQFF,KTWGQYWQV
0,CASSWVGGADTQYF,GLCTLVAML
1,CASSGAAGTSAYNEQFF,ALSPVIPLI
0,CASSIIGQRVEAFF,VLFGLGFAI
0,CSVAGGTEAFF,TLMNVLTLV
0,CASAPGLNYEQYF,CVNGSCFTV
1,CASSEVRGPWAETQYF,SLPITVYYA
1,CASTEQGGFHGYTF,FLYALALLL
0,SYQGGGKNTEA,CLGGLLTMV
0,CSARDAGGDYGYTF,RIMTWLDMV
1,CASSPMGQSYEQYF,ILTGLNYEA
1,CASSVIGGTYEQYF,LLFGYPVYV
0,CASSTQGQPQHF,LLFGYPVYV
1,CASSLSLAGLQETQYF,LMIERFVSL
1,CASSSGQGYEQYF,FLNGSCGSV
0,CAASGGSNYKLTF,SLLMWITQV
0,CSALGGQASTDTQYF,SLLWMNLFV
1,CASSLNRGYEQYF,FLVLLPLVS
0,CASSVAGLQGAEQYF,LPDDFMGCV
0,CASGTLLIRGKGYERYF,FLTVFSHFM
1,CASFQLDTGELFF,RLSDFSEQL
0,CASSQVRGRGEQYF,YVWKSYVHV
0,CASSGLLGHEQYF,SMMILSDDA
1,CASSPRGVHEQYF,FLAHIQWMV
0,CASSQDGQGVFETQYF,AVGSYVYSV
0,CSARERGPAEQFF,FLIYLDVSV
0,CASSLGSGQYQETQYF,TLNAWVKVV
1,CATSRWTGNEQFF,NLFNRYPAL
1,CASSLTGVYVPQHF,LLNKHIDAY
0,CASSIFPNPGNTIYF,NVFAFPFTI
0,CASSLLEGTEAFF,KMVAVFYTT
0,CASRVVSGAKNIQYF,VFLVLLPLV
0,CASSFSGTFEAFF,MLGEQLFPL
1,CASSPGQAEPQHF,LLAGTLAVV
0,CASSLAYSYEQYF,IMDQVPFSV
0,CASSYWTGSSAETQYF,AVGSYVYSV
1,CASSFRRDTDTQYF,RLGPYLEFL
0,CASSLAPGAEQYF,SVLYYQNNV
0,CASSLVGGVEYF,LLGATCMFV
1,CASSSIWTSVNEQFF,KSVNITFEL
0,CASSQGPGTGFEGYTF,KLSYGIATV
0,CASRMGSTAFF,LACFVLAAV
0,CASSTTGGSGYTF,FTVLCLTPV
0,CASRPSGGAETQYF,LLAILPYYV
1,CASSYGGGYEQYF,NLNCCSVPV
0,CASSQETSGSGLDTQYF,FMIGYTSAL
0,CASSQVGGSYPREQFF,VLSTFISAA
1,CASSADRTQNYGYTF,KMVAVFYTT
0,CASSYPSGTEAFF,FLLNKEMYL
1,CASSWGLAEFYNEQFF,SLLMPILTL
1,SYQGGGKNTEA,SLLMWITQA
1,CASSRDGFEKLFF,AVGSYVYSV
0,CASSPWASGRATGELFF,FLYNLLTRV
1,CASSLQGGNEQFF,FLYALALLL
1,CASSFITGLHYEQYF,AMFWSVPTV
0,CASSSLGDSYEQYF,LACFVLAAV
1,CASSFSGTFEAFF,ALSPVIPHI
1,CASSYSDRSSYEQYF,NLNCCSVPV
1,CASLGLQETQYF,FLTVFSHFM
1,CSPAGGNYNEQFF,SMMILSDDA
0,CASSHETGELFF,TLMNVLTLV
0,CASSVGSQETQYF,SVLYYQNNV
0,CASSVASGKLYGYTF,RQLLFVVEV
0,CASSGGGAEAFF,FLTYLDVSV
1,LGDGDGAYNSPL,SLLMWITQA
1,CASSLEIAQETQYF,KTWGQYWQV
0,CASSSAGNGYTF,VFLVLLPLV
0,CASSYGTGGNEQFF,IMLCCMTSC
1,CASSLAMTEAFF,RLGPVQNEV
1,CASSQLDRGFQYF,NVFAFPFTI
1,CASSLYVSYPKNTIYF,MLDLQPETT
0,SLDRATNEKL,ILTGLNYEV
1,CSARDLGLHQPQHF,SLPITVYYA
0,CSVDLAGYNEQFF,VVMSWAPPV
0,CASSLAAGGSWNEQFF,VLNYFKPYL
0,CASSLTSGTEAFF,ILKEPVHGV
1,SVEDGAAKQIYGYT,MLGEQLFPL
0,CASSYGTGYEAFF,FLAHIQWMV
0,CAISEEVSGGVGANEQFF,ELAGIGLTV
0,CSARVQGLNTEAFF,LLLGIGILV
1,CASSYNSMNTEAFF,KLMNIQQQL
0,CSVGRQGRYNEQFF,RLSDFSEQL
1,CSARTGIGPYEQYF,FLTVFSHFM
0,CASSFGPLGMWAEAFF,NVFAFPFTI
0,CASSLGGEQYF,KLMNIQQQL
1,CASSTPGTGNEKLFF,AIFYLITPV
0,CASSLNRGYEQYF,KLMNIQQQL
0,CASSLGLAAQETQYF,LLWNGPMAV
1,CASSAQGFGELFF,ALTPVVVTL
0,CASSPPGTYNEQFF,ILTGLNYEV
1,CASSTSGQGDYTF,TLKNTVCTV
0,CASSPFQGAIEQYF,FLYNLLTRV
0,CASSPDLNPYEQYF,HLMSFPQSA
0,SLTGGLNSPL,ALYGFVPVL
1,CASSPSSPYEQYF,FLYNLLTRV
0,CASSLGGDYQPQHF,MLAKALRKV
1,CASGTLNSNQPQHF,ILTGLNYEA
1,CASSIGGTEAFF,LLYDANYFL
1,CASSFGGPPNTGELFF,CLNEYHLFL
1,CATLGQGRTYEQYF,FLPRVFSAV
1,CASSMSANTEAFF,FLPRVFSAV
1,CASSLVTSGGYQETQYF,CINGVCWTV
1,CASSRGGMSGELFF,SLFWNEPAI
0,CASTKTGLGDQPQHF,MQVESDDYI
0,CAAIGGPNTDTQYF,LLHGFSFYL
0,CASSLGDWDLEAFF,SLLRSLENV
1,CASSYGKTGLSGYTF,LLDDFVEII
1,CASSLAGAYEQYF,FLPGVYSVI
0,CASSGRFLREGMTYGYTF,YTMADLVYA
1,CAWMGSYNEQFF,KLMNIQQKL
1,CASSSPGQGYYEQYF,VLFHRAFLV
1,CASSPVGGSMAKNIQYF,VLEETSVML
0,CASSLGRYNEQFF,FLLNKEMYL
1,CASSFQETQYF,LMCQPILLL
0,CASSEEGAWNTGELFF,KSVNITFEL
1,CASSYWTGSSAETQYF,CVNGSCFTV
0,CASSFRQTLAVYEQYF,RLGPYLEFL
1,CASSSLQGNGQPQHF,YVLDHLIVV
1,CSARVQGLNTEAFF,FLALCADSI
1,CASSQEDSWGDTQYF,ILKEPVHGV
1,CATRMAGEGSEAFF,LLHGFSFYL
1,CASSESLVHNYGYTF,NVFAFPFTI
0,CASSPRGVGTEAFF,ILNAMIAKI
0,CASLEAGGETQYF,LLAMTVPNV
0,CASSGRDRNF,RLQSLQTYV
1,CASTSGNTGELFF,CVNGSCFTV
0,CASRAAGASYEQYF,SWMESEFRV
0,CASSFTTANTEAFF,TLWCSPIKV
0,CATSDYTSDTQYF,LLDDFVEII
1,CASSLSRSQPPNQPQHF,KLQFTSLEI
0,CASSAEGSPEAFF,SLAPLSPRV
1,CASSLSTHESYNEQFF,KLNEEIAII
1,CASSEVSVLYEQYF,VVLSWAPPV
0,CASSISGAREQFF,TLNAWVKVV
1,CASRPGLAGGRPEQYF,LLFGYPVYV
0,CAISEMLIRGLANYGYPF,GILGFVFTL
0,CASSLRGTGAYGYTF,FLYNPLTRV
1,CASSVAGLQGAEQYF,IILVAVPHV
1,CATSRPNRGEAFF,CLGGLLTMV
1,CASSGELRGAEKLFF,AVGSYVYSV
1,SVEGQIAGKYGYT,MLGEQLFPL
1,CASSLYGSSYEQYF,KLSYGIATV
0,CASSLGFNEQYF,RLSDFSEQL
0,CSAYKLAGEEYGTGELFF,KMVAVFYNT
0,CASSFSVWDSNQPQHF,WLLWPVTLA
1,CASSDLQGGGPGEQYF,ALYGFVPVL
0,CSAPGTGYNEQFF,GMGPLLATV
1,CASSGQGGDEQYF,ILTGLNYEV
1,CSATPNPGGHSTDTQYF,LACFVLAAV
1,CASSQDLVSQPQHF,RTLNAWVKV
0,CASSPMAGPTDTQYF,ALTPVVVTL
1,CASSYHVGGEQFF,FLLNKEMYL
1,CATSDLGQGVGNEQFF,RLPGVLPRA
0,ASSYESNYGYT,KLMNIQQQL
1,CASSFGIGPQYF,FLYNPLTRV
0,CASSIIGQRVEAFF,FLPRVFSAV
1,CASSAQGFGELF,ALTPVVVTL
0,CASSSGGGNEQFF,KSVNITFEL
0,CASSPGTGEQYF,NLNCCSVPV
1,CASAPGGSYEQYF,LLWNGPMAV
1,CASSVGTGYEQYF,FLIYLDVSV
1,CASSRGQINQPQHF,KTWGQYWQV
1,CASSIIGQRVEAFF,RLSDFSEQL
0,CASSQDPLAGYTGELFF,YLEPGPVTA
1,CASSAPSYNEQFF,TLMNVLTLV
0,CSVENRVIYGYTF,KMVAVFYNT
1,CASSSRLSSGYTF,VVMSWAPPV
0,CSASDGTGSNYGYTF,RTLNAWVKV
0,CASSASGGRDYGYTF,LMCQPILLL
1,CASSVGTSSYEQYF,FVCDNIKFA
0,CASRSDRVTEHTQYF,SLLMWITQV
0,CARNHDRDRLYEQYF,LPDDFMGCV
1,CASSGELTDTQYF,VLNYFEPYL
1,CASSESMRGEQYV,IMDQVPFSV
0,CSVELTTYEQYF,CLAVHECFV
0,CSVRLTDYNEQFF,YVWKSYVHV
0,CASSPRAYNEQFF,IMNDMPIYM
0,CASSLARGGVLQETQYF,NLFNRYPAL
0,CSATAGGGYEQYF,KVLEYVIKV
0,CASSLSPTDTQYF,ALSPVIPLI
1,CASSGRDNYNEQFF,MLNIPSINV
1,CASTSTGGLASQYF,FLAHIQWMV
0,CSAFSSGTGGVTGELFF,KSVNITFEL
1,CSARGMRPEQYF,FMLYLLTLM
0,CASSLSAAYEQYF,FTVLCLTPV
0,CASSGTGGYSGANVLTF,KLSYGIATV
0,CASSPGTSYEQYF,GLTSFFIAI
0,CASSARDSGNSPLHF,ILNVDIFTL
0,CASSQDREHQPQHF,VLFHRAFLV
1,CASSLRRGISASYEQYF,YVDNSSLTI
1,CASSLMTGGAYNEQFF,SWMESEFRV
1,CASSFMGQGESGYTF,LLSIIFFPA
0,CASSFVNTGELFF,TLKNTVCTV
1,CASSASGGRDYGYTF,MLYQHLLPL
1,CASSLDLDWGQSYNEQFF,VVMSWAPPV
0,CSARQGSNGELFF,KVYPIILRL
1,CASSLWAEPDTQYF,ALYGFVPVL
1,CASSSPVETQYF,SLLMPILTL
0,CASSLGDREGTWNEQFF,FTVLCLTPV
0,CATRMAGEGSEAFF,YILKYSVFL
0,CASSLSYEQYF,FLAHIQWMV
0,CASGTLNSNQPQHF,ILFTRFFYV
1,CASSQKGPGKGETQYF,VLSTFISAA
0,CASSQDLLAGDSYEQYF,RMFPNAPYL
0,CASSFFSNTGELFF,KVLEYVIKV
0,CSVGGGEGNYEQYF,ALWEIQQVV
0,CASSQDHPGGYEQYF,ALSPVIPHI
0,CASSFSSFYGYTF,KMVAVFYNT
1,CATSGLQGDYSNYGYTF,LLHGFSFYL
0,CASSYSNGYEQYF,YLLEMLWRL
1,CASTDKRGSNSPLHF,WLLWPVTLA
0,CSAGVYEQYF,FLYNPLTRV
0,CASSYSSGYGYTF,CLAVHECFV
0,CASSSGQSPFGYTF,MLYQHLLPL
1,CASSQVPGGYEQYF,NLNCCSVPV
0,CASSQDASGGPDIQYF,ILNVDIFTL
1,CASPIRNEQFF,YADVFHLYL
1,CASSYSGAEQYF,LLFGMPPCL
1,CASSLEGEKLFF,LLSIIFFPA
1,CASSENTGSNQPQHF,CLAVHECFV
1,CASSLSWMNTEAFF,TLMNVITLV
0,CASSISGGYEQYF,SLYNTVATL
1,CASSWWDTGELFF,RMFPNAPYL
0,CASSEYQEPYNEQFF,RLSDFSEQL
1,CASSHYSGTGPYEQYF,YLYALVYFL
0,CASSRDPSDGSTQYF,KLMNIQQQL
1,CASSSYTGELFF,SLFNTVATL
1,CAWSHSGGYEQYF,ILNAMIAKI
0,CASSFGANTGELFF,IMDQVPFSV
1,CSARAGAWTEAFF,FLNRFTTTL
0,CSAHRAGTSGADYNEQFF,NLVPMVATV
0,CASSEFGGGSPDTQYF,MQVESDDYI
1,CATSGGTGHQPQHF,RLQSLQTYV
1,CASSLTGSAEAFF,MMPFSIVYI
1,CASRVVSGAKNIQYF,LMIERFVSL
0,CASSSLSSPNEQYF,TLWCSPIKV
1,CASSRTGSLNYGYTF,FLTVFSHFM
0,CASSLSNTPGEQFF,SVLYYQNNV
0,CASSAPSYNEQFF,SLYNTVATL
0,CASSSSALEDPEQYF,KLMNIQQQL
1,CASSQAGEQYF,LLAILTYYV
1,CASSWGNTGELFF,FLCMKALLL
1,CALPGVAGITYEQYF,IMNDMPIYM
1,CASSELPAGGTNEQFF,RLARLALVL
1,CASSRTAGTYYNEQFF,SLYNTVATL
0,CASSSERNPYEQYF,LLSIIFFPA
0,CASSQLDRGFQYF,AMFWSVPTV
0,CASSLTPGGSTDTQYF,GILGFVFTL
1,CASSLVPQGEEQYF,KINAWIKVV
1,CSASWNEQFF,YVVDDPCPI
0,CASRAANEQFF,LLYDANYFL
1,CSASQGLNTGELFF,KTWGQYWQV
0,CASSASGREETQYF,TLMNVITLV
1,CASSYWGGREDTQYF,MLDMYSVML
0,CASKRMTGEAGQPQHF,MMPFSIVYI
1,CASSEGHFSGNTIYF,TLWCSPIKV
1,CASRLRGQGFYEQYF,KLQFTSLEI
0,CASSSQTGPYSNQPQHF,FLPGVYSVI
0,CASSQEIGVYGYTF,LLGATCMFV
1,CASSQDLLAGDSYEQYF,RIMTWLDMV
0,CASTPTGGDEKLFF,VLEETSVML
1,CASSSSALEDPEQYF,FLLNKEMYL
0,CASSLGVAYQETQYF,VLFHRAFLV
0,CASSPPNRLDEQFF,KVYPIILRL
1,CASSGRQGSYEQYF,LLAMTVPNV
1,CSAEGENSGNTIYF,ELTSMKYFV
0,CATSEIQGFSTDTQYF,KLMNIQQKL
1,CASSQDGQGVFETQYF,LLAMTVPNV
1,CASSPDPYEQYF,LLFGMTPCL
0,CASSYGTYGELFF,YILKYSVFL
1,CATSRDFLEQAEAFF,KLWAQCVQL
0,CASSLGGPGAFF,KTWGQYWQV
1,CASSPILTYEQYF,MMPFSIVYI
0,CASSQLAAGTDSYEQYF,KLMNIQQKL
1,CASSLVGGVEYF,YLLEMLWRL
1,CASSSPGGVSTEAFF,SLLMWITQV
0,CATSRGWIAGFEQFF,ILTGLNYEV
0,CASSLTGETEKLFF,GLCTLVAML
1,CASSQWDRTNTGELFF,YADVFHLYL
0,CASSLGNIEAFF,RLGPYLEFL
1,CSDGTGDGYTF,KLNTITPVV
0,CASSLLGGLPSSTDTQYF,TLMNVLTLV
0,CAISELGYEQYF,NLIDSYFVV
0,CASDPGRYSGNTIYF,KVLEYVIKV
0,CASSQYAVRVGDTEAFF,SLLRSLENV
0,CASSPSGSGNEQFF,MLDLQPETT
1,CASSPHPDGGSQPQHF,YTMADLVYA
1,CASSIGQGPYEQYF,ALTPVVVTL
1,CASSVGDFNYGYTF,NLFNRYPAL
0,CASSPGLAGGEQYF,LMCQPILLL
0,CSARSGGTEAFF,YLEPGPVTV
0,CASSYHVGGEQFF,SLFWNEPAI
0,CASSHPSEQYF,RMFPNAPYL
1,CASSLVPQGEEQYF,TLNAWVKVV
0,CAWIRTGGYGYTF,YVWKSYVHV
0,CASSSAHYGYTF,RLGPYLEFL
0,CASSLGFGYEQFF,AAGIGILTV
1,CASKSWDMAYEQYF,ALSPVIPHI
1,CSARWDRVSSSTDTQYF,VLFHRAFLV
1,CATSEIQGFSTDTQYF,TTIQTIVEV
1,CASSPGSDNEQFF,ALWEIQQVV
1,CASSRLSTDTQYF,GILGFVFTL
0,CASSQEVGSGNTIYF,LIIPFIHLI
0,CASSSPRGLEYF,ALSKGVHFV
1,CASSQGDYRSSTYEQYF,LACFVLAAV
0,CASSYGTGGRYEQYF,RLARLALVL
0,CASTSNPNQPQHF,NLIDSYFVV
0,CASSHGLAGGEQYF,YLEPGPVTV
1,CASSPGRSYEQYF,SLLRSLENV
0,CASSYNQGYEQYF,RLGPYLEFL
1,CASSYNQGPYDNNEQFF,MMPFSIVYI
0,CASSQTQGNEQFF,LLHGFSFYL
0,CASSLFPSGMDHEQYF,YTMADLVYA
0,CASSLSGGPQHF,VLNPFIYML
0,CASSTSTDTQYF,LLHGFSFYL
0,CASSLGTGYEQYF,CLNEYHLFL
0,CSAFSSGTEGVTGELFF,MMPFSIVYI
0,CASSLDSSLGYGYTF,LLAGTLAVV
0,CASSEDQGLTATYEQYF,YVLDHLIVV
0,CSVGQGATEQYF,MLAKALRKV
0,CASSPMGQSYEQYF,RLPGVLPRA
1,CASSPRGQGGTGELFF,RLQSLQTYV
1,CASSSAWTGYEQYF,FLCMKALLL
0,CASSVEGSGGNNEQFF,MLNIPSINV
0,CASSADRTQNYGYTF,FLIYLDVSV
1,CASYVGLNTEAFF,RLVPYLEFL
0,CASSFGVGQPQHF,LLAMTVPNV
1,CASSFVGDTQYF,IMNDMPIYM
0,CSVETESYEQYF,ALSPVIPLI
1,CASSGTGVSPLHF,LLWNGPMAV
0,CASSLSPANYNEQFF,FLYALALLL
0,CAISESNGLYPDTEAFF,NLIDSYFVV
0,CAWSYDSALYYEQYF,IMNDMPIYM
1,CASSLLAGELFF,FLYNLLTRV
0,CASSLQGGNEQFF,TTIQTIVEV
0,CASSSAARTGNEQFF,ELAGIGLTV
1,CASSSGLAGYLM,AMFWSVPTV
0,CASTPGTEAFF,FMLYLLTLM
0,CASSLGGDEQYF,CINGVCWTV
0,CASSFGRNYGYTF,RLVPYLEFL
1,CSASPRGGEQYF,CLGGLLTMV
1,CSARSGGTEAFF,FLTVFSHFM
0,CASSLGQSSYNEQFF,AVGSYVYSV
0,CASSEGSEAFF,VMVELVAEL
1,CSAGVYEQYF,NLNCCSVPV
1,CSATAGGGYEQYF,LLNKHIDAY
1,CASSFPYQGDTEAFF,LLFGYPVYV
0,CASSVVGNEQYF,LLSIIFFPA
1,CASSISGGYEQYF,AMFWSVPTV
0,CATSGTGYEQYF,RLGPVQNEV
0,CSAFSSGTGGVTGELFF,MLNIPSINV
0,CAISAPGQEGNTEAFF,CVNGSCFTV
0,CASSHWREESEQFF,LMCQPILLL
0,CASRSRGGHSPLHF,LMCQPILLL
0,CSARWDRVSSSTDTQYF,VVLSWAPPV
0,CSARPDNSYYEQYF,MLAKALRKV
0,CASSQVLGFSYEQYF,CINGVCWTV
1,CASSQEVGSGNTIYF,AMFWSVPTV
0,CASSPGASYNEQFF,RIMTWLDMV
1,CASSPTSGGNNEQFF,CVNGSCFTV
0,CASSLEFGADTQYF,FLNRFTTTL
0,CASSPVGYEQYF,YMPYFFTLL
1,CSSDEYNEQFF,KQIYKTPPI
0,CASSPGGLAGADTQYF,LMFWASSSI
1,CASSHELTRADTQYF,RLPGVLPRA
1,CASSLAVQSDEQYF,MLNIPSINV
0,CASSIVDRPYEQYF,YVDNSSLTI
1,CASSVEGSSYNEQFF,LMFWASSSI
1,CASSMAAGTHEQYF,ALSPVIPHI
1,CASSQDHPGGYEQYF,YMPYFFTLL
1,CASSQDGGLNGELFF,ELAGIGLTV
0,CASSQDLGQGASPLHF,HLMSFPQSA
0,CASSYSGHNEQFF,MLDLQPETT
0,CASSVSGGRTGELFF,LLLDRLNQL
0,CASSFMGQGESGYTF,ILFTRFFYV
0,CASSLGGDTQYF,NLNCCSVPV
0,CSVDNKAGGGYTF,MMPFSIVYI
1,CASTPGTEAFF,KLWASPLHV
0,CASSELENSNQPQHF,FLTVFSHFM
0,CASSYESTDTQYF,LLWNGPMAV
1,CASSLGQGQPQHF,ELAGIGLTV
0,CASSFGQRETEAFF,RLVPYLEFL
0,CASSLDLAGGFYEQYF,ALYGSVPVL
0,CASSLGGNTEAFF,FLYNLLTRV
1,CASSTYGLAGETQYF,IILVAVPHV
0,CASSWTGNTEAFF,CLAVHECFV
1,CASSPGQGYEQYF,KLWASPLHV
0,CASSLSGVAYGYTF,CINGVCWTV
0,CASSLGFGRDVMRF,FLLNKEMYL
1,CASSFGTRGRDTEAFF,IMLCCMTSC
0,CASSSPVETQYF,VFLVLLPLV
1,CASSPGTGEQYF,ILFTRFFYV
1,CASSLTSGGPVTDTQYF,LLYDANYFL
0,CASSFITGLHYEQYF,RIMTWLDMV
0,CSARTSGDFGEQFF,SLLMPILTL
1,SVAGDIQETQ,SLLMWITQA
1,CASSFTTANTEAFF,RMFPNAPYL
0,CASSIDSWRTEAFF,FLAEHEYGL
0,CAISPGGGSYEQYF,NLNCCSVPV
0,CASSLGDRGPQPQHF,KLMNIQQQL
0,CASSLGTSGYEQYF,SVLYYQNNV
1,CASSPQGDNEQFF,RLARLALVL
1,CASSGTGDTGELFF,NLVPMVATV
0,CASSYARGYNEQFF,LLDDFVEII
1,CATSVGSGPLSTDTQYF,SLPITVYYA
0,CASSEPNYEQYF,LLFGMPPCL
0,CASRTTSGGASEQFF,VLFHRAFLV
0,CASSLTSGDADTQYF,AVGSYVYSV
0,CASSHELTRADTQYF,KLSYGIATV
1,CASSLGPGSYGYTF,SLFWNEPAI
0,CASSFKGTGPNQPQHF,GILGFVFTL
1,CASGKGDTEAFF,KLMNIQQQL
0,CASRLSGSAYEQYF,FLVLLPLVS
1,CASTLTGFAEAFF,VAANIVLTV
1,CASSVAASPSGNTIYF,CLNEYHLFL
1,CASSPSLQVAQHF,ALYGFVPVL
0,CASSDLQGGGPGEQYF,AVGSYVYSV
0,CASSSTGASETQYF,CLGGLLTMV
1,CASSLDPTGQFYNEQFF,SWMESEFRV
0,CASSPGVRANVLTF,AMFWSVPTV
0,CSAPQRRETQYF,IILVAVPHV
0,CASSRWTNEQFF,LLGATCMFV
1,CASSSQGGAKNEQYF,ILNVDIFTL
0,CASSLIQGAVDTQYF,WLLWPVTLA
0,CASSIRVSGANVLTF,AIFYLITPV
1,CASSPVGYEQYF,ALYGFVPVL
1,CSVEGSGGTQYF,FLPRVFSAV
1,CSVEDGYEQYF,CVNGSCFTV
1,CASSLLGQSTNEKLFF,VLNYFKPYL
0,CSARDPASWGEKLFF,FMLYLLTLM
1,CASSLGGSEAFF,LLYDANYFL
0,CASSFGQNYEQYF,RLGPYLEFL
1,CASSLMGLGDTQYF,LPDDFMGCV
0,CASEGFLAGQFF,TLMNVLTLV
0,CASSQVRDRDINYGYTF,LLYDANYFL
1,CASRRGTDLTDTQYF,KLWAQCVQL
0,CASSPTSGGYEQYF,KLMNIQQKL
0,CASSRSRWEFYGYTF,AIFYLITPV
1,CASSLVSGGWTEAFF,VLEETSVML
0,CASSVGSGEQYF,VVMSWAPPV
0,SVEDGAAKQIYGYT,KLMNIQQQL
0,CASSSIWTSVNEQFF,VVMSWAPPV
0,CASSLGRINEQFF,SLLMPILTL
0,CASREGTEAIDTEAFF,MLNIPSINV
0,CASSLTPGQGAGNTQYF,SLFNTVATL
0,CASSYGQGSIGELFF,TMADLVYAL
1,CASSPGTGYEQYF,KLWASPLHV
1,CASSQDRWDVMSQNIQYF,VLFGLGFAI
1,CASRGGDGETQYF,KLMNIQQQL
1,CASSAQGGNYGYTF,FLYALALLL
0,CASSWTGTGGDGYTF,TALALLLLD
0,CSVDRTSGNTEAFF,SLLMWITQV
1,CASSPTDFYGYTF,SLYNTVATL
1,CASSSLSSPNEQYF,YVVDDPCPI
0,CASSQAERGESYNEQFF,VLNYFKPYL
0,CASSFGSYEQYF,SLLRSLENV
1,CASSPRLAGGKYNEQFF,FLYNPLTRV
1,CASSHETGELFF,YVLTWIVGA
1,CATSDWSGNEQFF,FLPGVYSVI
0,CASSLYVSYPKNTIYF,RLGPVQNEV
0,ASRYRAAPNQPQH,YVLDHLIVV
1,CASSDSSGAYEQYF,KSVNITFEL
1,CASSLGGGVLFF,KTWGQYWQV
1,CASSLGSGQYQETQYF,YVDNSSLTI
1,CSARPGLAGGYEQYF,ALYGFVPVL
0,CASSRGGHEQYF,YVLTWIVGA
1,CASSSLIPLDYGYTF,YLYALVYFL
0,CASRDLGQVNTGELFF,ILTGLNYEA
0,CASSSEYRSGANVLTF,MLNIPSINV
1,CASSPAVGTGDEKLFF,FMLYLLTLM
1,CASSTGSGELFF,NLVPMVATV
1,CATSGTGYEQYF,IMNDMPIYM
0,CASSTSGQGDYTF,LLAMTVPNV
1,CASSQEASYEQYF,VMVELVAEL
1,CAISEVGVGQPQHF,AAGIGILTV
0,CASCQVRGTEAFF,VLNYFEPYL
1,CASSLDRNTEAFF,FLAHIQWMV
1,CASSQAERGESYNEQFF,FLYNPLTRV
0,CASSQIKTGLNTEAFF,ILGFVFTLT
0,CASQSYRVGSEQYF,LMIERFVSL
1,CASSDTAGSSYNEQFF,RLPGVLPRA
1,CASGARPQETQYF,MLDLQPETT
0,CASSAGTGDSYEQYF,VVLSWAPPV
1,CASSFLTDTQYF,RLARLALVL
0,CASSLGTGHGYTF,VLNPFIYML
0,CSARDTGMGTGELFF,NLNCCSVPV
1,CASSESNYGYTF,LLLDRLNQL
1,CASSYSSLGYEQYF,LLLGIGILV
1,CASSLSGGSDEQFF,FLLNKEMYL
0,CASSSSGREETQYF,ELAGIGLTV
1,CASSITGWGGTEAFF,SLLMWITQV
0,CASRRDRDDNSPLHF,FLLNKEMYL
0,CASSVWAEDQPQHF,KLNTITPVV
1,CSAGDGQGIETQYF,IMLCCMTSC
1,CASSPEGLDNFF,RIMTWLDMV
1,CASSFTGSSYNEQFF,FLVLLPLVS
1,CSVEDLGNEQFF,ILKEPVHGV
1,CASSSLTAQGKLFF,FLPRVFSAV
1,CASSLGVAYQETQYF,LLLGIGILV
1,CASSTGGGADTQYF,YVDNSSLTI
0,CASSLGTGGTEAFF,SVLYYQNNV
1,CASRFGVRGYTF,SMMILSDDA
0,CASSPPKRVGGETQYF,YILKYSVFL
1,CASSVVGNEQYF,GLCTLVAML
1,CASSSAQGAQTYEQYF,LMIERFVSL
1,CSARPDNSYYEQYF,TALALLLLD
0,CASSVGDFNYGYTF,VLNYFEPYL
1,CASSLHPTTGELFF,KSVNITFEL
1,CASSVEEPGTVYEQYF,FLVLLPLVS
1,CASSYARGYNEQFF,VLNYFEPYL
0,CASSHRGADFYNEQFF,KLKDCVMYA
1,CASSPPSGNSYEQYF,LACFVLAAV
0,CASSQDDRGFYEQYF,FLPRVFSAV
0,CAISESSRGVDGYTF,MLDLQPETT
1,CASSPNRVGDQPQHF,GLCTLVAML
1,CASCQVRGTEAFF,GLCTLVAML
0,CASSVDPGQSYEQYF,KLFIRQEEV
0,CASSPGSSYNEQFF,FIAGLIAIV
1,CASSLDPDRVSYEQYF,AIFYLITPV
0,CASSSGLAGEQFF,VLNYFEPYL
0,CASSIGATEAFF,KINAWIKVV
1,CASSVSGGRTGELFF,KVYPIILRL
1,CASSQRTPSTGELFF,KVYPIILRL
1,CASSLSGATYNEQFF,RTLNAWVKV
0,CASSLEYGSYEQYF,KLWAQCVQL
0,CASSDSSGAYEQYF,ALWEIQQVV
1,CASRVGQNYNSPLHF,RLGPVQNEV
1,CASSLIGGAQNIQYF,VLNYFEPYL
0,CASSLVPQGEEQYF,VLFGLGFAI
1,CAISEMLIRGLANYGYPF,VLFGLGFAI
1,CASSYDSTTGELFF,ALSPVIPHI
1,CASSPRGGGIYEQYF,ALSKGVHFV
0,CASGARPQETQYF,GLTSFFIAI
0,CASSLGLNYEQYF,FLALCADSI
0,CASSLGPGSYGYTF,CLNEYHLFL
0,CASSLGGSTEAFF,KLSYGIATV
0,CASSPGRTANYGYTF,WLLWPVTLA
1,CASSYMGPEAFF,RLARLALVL
1,CASSSWTQQETQYF,TLMNVITLV
0,CASRMNTEAF,VLNYFEPYL
0,CASSQEQLGGEQYF,YLGGMSYYC
1,CSVQGPYNEQFF,NLNCCSVPV
1,CSASSPDREADGYTF,VLNYFKPYL
0,CASSPAGTDYGYTF,YADVFHLYL
0,CASNPGLAGGPHEQYF,YLEPGPVTA
1,CASSPGGAPFYEQYF,KLQFTSLEI
1,CASSQDSWAGGSNEQFF,YLGGMSYYC
0,CASSIAAVFGDTQYF,KLQFTSLEI
1,CSARTSGDFGEQFF,CVNGSCFTV
0,CASSSGLAGYLM,YVDNSSLTI
0,CASSLDGGETQYF,LLFGMTPCL
0,CSVGDSNQPQHF,RLPGVLPRA
1,CASSHEHGQGGEQYF,TLMNVLTLV
0,CASSPTSGSYGRIQYF,KMVAVFYTT
0,CASSKPSVMNTEAFF,LMFWASSSI
1,CATSGDRGWQYF,KLWAQCVQL
0,RASSPRTGGEQYF,GILGFVFTL
0,CASSPTGNWNTDTQYF,VMVELVAEL
1,CAISELGYEQYF,VVLSWAPPV
0,CASSLYGGESQETQYF,SMMILSDDA
0,CASSYGTGSEAFF,LLLEWLAMA
1,CASSSDLYEQYF,AMFWSVPTV
1,CSVEYEGMGKNIQYF,MLDMYSVML
1,CASSAELNTYEQYF,LLLDRLNQL
1,CARNHDRDRLYEQYF,MLGEQLFPL
1,CASSRSRWEFYGYTF,ILTGLNYEV
0,CASSTSGREETQYF,VLNYFKPYL
1,CASNSGGAYNEQFF,FLTYLDVSV
1,CASSPWTGANLDTQYF,KLDGFMGRI
1,CASSRGGLNTGELFF,FTVLCLTPV
0,LGDGDGAYNSPL,RLGPYLEFL
1,CASSPGASYNEQFF,MLDMYSVML
0,CASSLVRDRHTEAFF,SLLWMNLFV
1,CASSLGGGTGELFF,KTWGQYWQV
1,CASRPDNRGIIAKNIQYF,RIMTWLDMV
0,CASSLYTDTQYF,FLNGSCGSV
1,CASSPGQGHTDTQYF,RTLNAWVKV
0,CASSPSLQVAQHF,YADVFHLYL
0,CASSVAIERAPNYEQYF,LLHGFSFYL
0,CASSSGTSGSRAYEQYF,FIAGLIAIV
1,CASRPRAGGNYEQYF,TLMNVLTLV
1,CASRAAGASYEQYF,RQLLFVVEV
0,CASKSWDMAYEQYF,LLAMTVPNV
1,CSATCNGTFLYQETQYF,ALSPVIPLI
1,CSVEEWDTSGNTIYF,RLVPYLEFL
0,CASSPRSREDEQFF,ALYGFVPVL
0,CASSDTGYDSPLHF,CLGGLLTMV
0,CASSSPGQGYYEQYF,ALSPVIPHI
1,CASSLSNTPGEQFF,TLMNVITLV
0,CASSSRLSQETQYF,RMFPNAPYL
0,CASSSDSQETQYF,KLSYGIATV
0,CASSLEGEKLFF,CVNGSCFTV
1,CASSQETDLRSQPQHF,VLEETSVML
1,CASSQEQLGGEQYF,LMFWASSSI
1,CASSSLSTGGTYEQYF,LLLGIGILV
0,CASSLKTDSTPLQETQYF,CVNGSCFTV
1,CASSVEGAHPIQETQYF,AVGSYVYSV
1,CASSFGQNYEQYF,KLWASPLHV
1,CATSPQGGVTEAFF,LPDDFMGCV
1,CASSQGMGQGSGNTEAFF,KTWGQYWQV
1,SLTGHYNSPL,SLLMWITQA
1,CATSPPEALWEQYF,VFLVLLPLV
0,CASTVRQGSNQPQHF,KLNEEIAII
1,CASSSDSQETQYF,FMIGYTSAL
0,CASSARGYDEQFF,LLLGIGILV
1,CASSFDYSYEQYF,FLYNLLTRV
0,CASSPPGGSGNTIYF,LLLGIGILV
0,CASSLLTSSTDTQYF,FMLYLLTLM
1,CASSLSYEQYF,FLTVFSHFM
1,CASSFSGNTGELFF,YLLEMLWRL
0,CSAREVRDLYNEQFF,VLAWLYAAV
0,CASSRTGSLNYGYTF,KVYPIILRL
1,CASSLSGGPQHF,LMFWASSSI
0,CASSPMMDEQFF,VVMSWAPPV
0,CASSFGPVEQYF,ALTPVVVTL
0,CASSPRTGFSSGNTIYF,CLAVHECFV
1,CASSPDLNPYEQYF,VVMSWAPPV
0,CATLGQGRTYEQYF,IMLCCMTSC
1,CASSKPGDSYEQYF,KLKDCVMYA
0,CASSERVGETQYF,VLFGLGFAI
0,CASGGAIDTDTQYF,KVLEYVIKV
1,CASSLAPDNSNQPQHF,KLNEEIAII
1,CASSPFLTGSNTEAFF,VAANIVLTV
1,CASSQDPLAGYTGELFF,CINGVCWTV
0,CASSSLSEAFF,KLWAQCVQL
1,CASSIGGPYEQYF,YLEPGPVTA
1,CASSSKEAGARETQYF,RQLLFVVEV
1,CSAPPGPLAHTQYF,CLNEYHLFL
1,CASRPSSWTDTQYF,SLFNTVATL
0,SLTGHYNSLP,FLAEHEYGL
0,CASSRYGGPSDNEQFF,IMNDMPIYM
0,CASSIGDYEQYF,LLNKHIDAY
1,CASSWDSQSSGNSIYF,VLEETSVML
1,CASSLGRQIGYEQYF,VMVELVAEL
1,CSVELTTYEQYF,MIISHLYLI
0,CASSELWGAGDNEQFF,YVLDHLIVV
1,CASSPGTSGGYNEQFF,VFLVLLPLV
1,CSASDGTGSNYGYTF,FLPGVYSVI
0,CASSTGGWQPQHF,CLGGLLTMV
0,CASSVYGGVSYNEQFF,TTIQTIVEV
0,CASSLQGVQNEQFF,VVMSWAPPV
1,CASSYGTGESPLHF,YTMADLVYA
0,CASSLTGATDTQYF,FLALCADSI
0,CASSLGVRAQKTQYF,MLNIPSINV
0,CASRSTGYLEQYF,LLLEWLAMA
0,CASSPLGVVTGELFF,ALSKGVHFV
0,CASSQVLLQGHSYEQYF,SLPITVYYA
1,CASSIGSREAFF,RQLLFVVEV
1,CASSQEDPAGDSYNEQFF,ILFTRFFYV
1,CASSYRGQSYEQYF,TLNAWVKVV
1,CAAWDDSLNGWVF,RMFPNAPYL
0,CSARVGDTGELFF,SLPITVYYA
0,CASSIGSREAFF,CVNGSCFTV
0,CASSYPWDSQSSYNEQFF,IMDQVPFSV
1,CASSSGTGDKETQYF,MLNIPSINV
1,CASSLAGGSYEQYF,FLALCADSI
0,CASSLGRQIGYEQYF,LLWNGPMAV
1,CASSQGTSFFEQFF,LLFGYPVYV
0,CASREQGMNTEAFF,ILTGLNYEV
1,CASSTTFSGGWSEQFF,HLMSFPQSA
0,CSARVRTGRNNQPQHF,YVLDHLIVV
0,CSVTRETNEKLFF,YVLDHLIVV
0,CASSLEIAQETQYF,LACFVLAAV
1,CASSASEPSGETQYF,RLGPYLEFL
1,CASSQVLGFSYEQYF,NLFNRYPAL
0,CAISPLTSWGTDTQYF,RLSDFSEQL
1,CANSFDAEAFF,SLYNTVATL
1,CSATPRYRGYEQYF,VVLSWAPPV
0,CSASSPDREADGYTF,KLQFTSLEI
1,CASEQPRTGGDAYNEQFF,ILGFVFTLT
0,CASYVGLNTEAFF,MIISHLYLI
1,CASREGTEAIDTEAFF,VLFHRAFLV
1,CASSLARGGVLQETQYF,RIMTWLDMV
1,CASSFSSFYGYTF,SLLRSLENV
0,CASSFSGNTGELFF,VVLSWAPPV
0,CASSVESGEQYF,MQVESDDYI
1,CASSYFDSGKFAGELFF,RLSDFSEQL
1,CASSIFPNPGNTIYF,VAANIVLTV
0,CASSSKEAGARETQYF,AMFWSVPTV
0,CASSSRVHSYNEQFF,CLNEYHLFL
1,CAISDRFMREEMTYGYPF,VLFGLGFAI
0,CATSDLGQGVGNEQFF,SLAPLSPRV
0,CASSYSGQGYTF,RMFPNAPYL
1,CASSLTGETEKLFF,RLPGVLPRA
0,CSASRGTYEQYF,TLNAWVKVV
1,CASSPEVTSGGHEQYF,GLCTLVAML
0,CSVELSGELFF,IILVAVPHV
0,CASSFVGDTQYF,YLEPGPVTV
1,CASSYGTGGNEQFF,ELAGIGLTV
0,CASSQDPGSNQPQHF,ILKEPVHGV
1,CASSTTGGSGYTF,MLDLQPETT
1,CASQSYRVGSEQYF,VAANIVLTV
0,CSVDLGTEETQYF,LLLGIGILV
1,CASSFKGTGPNQPQHF,CLNEYHLFL
1,CAISEWGQGTNTEAFF,FLPGVYSVI
1,CASSLLEGTEAFF,IMDQVPFSV
1,CASSLISEATGLEAFF,RLVPYLEFL
1,CSAHRAGTSGADYNEQFF,SLLWMNLFV
0,CASSPPGGSSYEQYF,KLNTITPVV
0,CASRPRGSQETQYF,NLVPMVATV
1,CASSVAHLNTDTQYF,LLLDRLNQL
0,CASAGPGNTIYF,KINAWIKVV
0,CASSFGIGPQYF,FLLNKEMYL
1,CASSSAGNGYTF,VMVELVAEL
1,CASSVSGPPTGELFF,YVWKSYVHV
0,CASSPGSDNEQFF,FLPGVYSVI
0,CASSGRDNYNEQFF,FLNRFTTTL
0,CASSEWDTEAFF,LLLEWLAMA
1,CATSRGWIAGFEQFF,CLGGLLTMV
1,CASSNPGGANYGYTF,WLLWPVTLA
0,CSVEVGAGETQYF,CVNGSCFTV
0,CASALGSGGAYEQFF,ILGFVFTLT
1,CASTGGQMNTEAFF,LLFGYPVYV
0,CASSPSWLSGVTQYF,MLGEQLFPL
1,CASSLGFNEQYF,SVLYYQNNV
0,CASSVAHLNTDTQYF,ALTPVVVTL
1,CASSLQGTGYGYTF,KLWAQCVQL
0,CASRKAPGQGGEQPQHF,KLWASPLHV
0,CASSPAVGTGDEKLFF,SLLMWITQV
1,CASSIGTVNTEAFF,FTVLCLTPV
1,CASSSPRGLEYF,MLDLQPETT
1,CASSGSTYNEQFF,TLKNTVCTV
0,CSWDFQETQYF,ALSPVIPLI
0,CASSPGTSGIEQFF,VVMSWAPPV
0,CASSYPSTGSSYEQYF,MMPFSIVYI
0,CSASDSLTISGFF,FVCDNIKFA
1,CSAGIPGQVFSSNEKLFF,ILNAMIAKI
1,CASRSTGYLEQYF,TLMNVLTLV
1,CASSLAPGAINEKLFF,NLVPMVATV
0,CASSQTGTGAAEAFF,YTMADLVYA
0,CAWMGSYNEQFF,NLFNRYPAL
0,CASSRLSGTGDSPLHF,GILGFVFTL
1,CASSLWTMWEETQYF,YLFDESGEF
1,CASSFGRNYGYTF,TALALLLLD
1,CASSFFASGDTDTQYF,KMVAVFYTT
0,CASSLVAGALLDTQYF,YLEPGPVTV
0,CASSLSFGTEAFF,MMILSDDAV
0,CASSPSGVYNEQFF,NLNCCSVPV
0,CASSPYGNTIYF,MLDLQPETT
0,CASSNPGGANYGYTF,SLAPLSPRV
1,CASSSRVHSYNEQFF,VFLVLLPLV
0,CASSVGGGSSYEQYF,FLAEHEYGL
1,CASSWAPHYEQYF,YLEPGPVTA
0,CASSQWGGNEQFF,RLGPVQNEV
0,CASSFPVSDPSTDTQYF,SLPITVYYA
1,CASNPSPGNTGELFF,LLLGIGILV
0,CSVPSYNEQFF,KLQFTSLEI
1,CASSSGLAGEQFF,TLWCSPIKV
1,CASSWGGYTF,VLNYFKPYL
1,CASSLRGGQSYEQYF,MLYQHLLPL
0,CASSYSSDFWGDQPQHF,VLFHRAFLV
1,CASSQLMSRDEQFF,KLKDCVMYA
0,CASSFGRNRSQNTEAFF,IILVAVPHV
1,CASSVGSTEAFF,ILTGLNYEV
1,CASSQIGGQGGGNEQFF,CLGGLLTMV
0,CASSLAGGVDTQYF,SLFNTVATL
1,CASSFGTGTMNTEAFF,LLLEWLAMA
1,CASSYGLERQFF,ALWEIQQVV
1,CASSLFGGSGNTIYF,SLYNTVATL
1,CSVELSGELFF,KLKDCVMYA
1,CSVDLAGYNEQFF,KLSYGIATV
0,CASPIRNEQFF,VMVELVAEL
1,CASSEGWVDTQYF,VLFHRAFLV
0,CAISESSREDQETQYF,LLLEWLAMA
1,CASSSERNPYEQYF,VMVELVAEL
1,CASSPRTGFSSGNTIYF,GLTSFFIAI
1,CASSWDRVLYEQYF,SLLMWITQV
0,CASSYSTGVGYTF,TLNAWVKVV
0,CASSLAMTEAFF,SLLMWITQA
1,CASSLDLAGGFYEQYF,LLAGTLAVV
1,CASRDLGQVNTGELFF,RLQSLQTYV
1,CASSPGGVRVQPQHF,FTVLCLTPV
1,CASSFRGRLAGLETQYF,MQVESDDYI
0,CASSSRLSSGYTF,KQIYKTPPI
0,CASSVSGSGTGELFF,LLLDRLNQL
1,CASSLGAGEQYF,AMFWSVPTV
1,CAGRSGEITGYTF,YTMADLVYA
1,CASSIPSRTTNYGYTF,RLGPYLEFL
1,CASSPDIGLFF,YLQPRTFLL
1,CASSDTGGRDEQFF,LLWNGPMAV
0,CASSLAGGYEQYF,YVVDDPCPI
0,CASSPDPYEQYF,TALALLLLD
0,CSVEEWDTSGNTIYF,SLFNTVATL
0,CASSPGTISYEQYF,LMCQPILLL
1,CASSFGQGGYEQYF,SVLYYQNNV
0,CATTPAGKTADQETQYF,VLSTFISAA
0,CATSGLQGDYSNYGYTF,YLFDESGEF
1,CASSQIKTGLNTEAFF,KVYPIILRL
1,CASSLGQKEQYF,ALTPVVVTL
0,CASKIGGGDYYEQYF,CLAVHECFV
